gene,score,logfoldchange,pval,pval_adj,pct_in,pct_out,cluster
RPL35,43.370518,0.916154,0.0,0.0,0.0,0.0009107468123861566,0
RPS2,42.933987,0.9812463,0.0,0.0,0.0,0.0005059704513256426,0
RPS19,42.657837,0.86661875,0.0,0.0,0.0007980845969672786,0.0005059704513256426,0
RPS18,42.195362,0.7344674,0.0,0.0,0.0,0.0024286581663630845,0
RPL36,41.79142,0.76340437,0.0,0.0,0.0,0.0004047763610605141,0
RPL13,41.67278,0.8105837,0.0,0.0,0.3224261771747805,0.4786480469540579,0
RPS15,41.0885,0.6917945,0.0,0.0,0.015163607342378291,0.026108075288403157,0
RPS8,40.6868,0.9613603,0.0,0.0,0.03910614525139665,0.06243675369358429,0
RPS9,40.257214,0.7398963,0.0,0.0,0.004788507581803671,0.006071645415907711,0
RPL37A,40.251133,0.76014376,0.0,0.0,0.6807661612130886,0.7283950617283951,0
RPS3,39.40178,0.678378,0.0,0.0,0.0335195530726257,0.060412871888281726,0
RPL7A,39.37604,0.8731954,0.0,0.0,0.0,0.0010119409026512851,0
RPL28,39.12173,0.5896904,0.0,0.0,0.007980845969672785,0.008095527221210281,0
RPL18A,39.118965,0.7667708,0.0,0.0,0.0031923383878691143,0.003541793159279498,0
RPL13A,38.49827,0.5983083,0.0,0.0,0.0,0.0013155231734466707,0
RPS21,38.30555,0.9456569,0.0,0.0,0.0,0.0006071645415907711,0
HES1,38.282814,1.690865,0.0,0.0,0.008778930566640064,0.016697024893746207,0
RPL8,38.098454,0.612818,0.0,0.0,0.028731045490822026,0.04189435336976321,0
RPS11,38.023823,0.8097778,0.0,0.0,0.0,0.00030358227079538557,0
PTMA,37.84915,0.55904603,0.0,0.0,0.0007980845969672786,0.0018214936247723133,0
RPL29,37.691864,0.6496957,0.0,0.0,0.20351157222665603,0.1596842744383728,0
RPL32,37.451164,0.80351675,5.750581286789114e-307,5.896698329485256e-304,0.006384676775738229,0.007994333130945153,0
RPL37,37.33134,0.86038816,5.091337574864752e-305,4.785645181307248e-302,0.0023942537909018356,0.009411050394656952,0
RPS5,37.229214,0.90007865,2.2989448837258135e-303,2.0744759052788252e-300,0.0015961691939345571,0.00010119409026512852,0
RPL14,36.963585,0.8897954,4.406864761651604e-299,3.823633159926867e-296,0.02713487629688747,0.02651285164946367,0
RPS29,36.829586,0.61503786,6.20742940273018e-297,5.1864222183774125e-294,0.39904229848363926,0.24387775753895974,0
RPL10A,36.781322,1.1342885,3.672253066158314e-296,2.958655604266622e-293,0.08300079808459697,0.3704715644606355,0
RPLP2,36.768993,0.58070785,5.780597148070365e-296,4.496706588390323e-293,0.052673583399840386,0.06567496458206841,0
RPL12,36.727894,0.7559598,2.620870772170143e-295,1.9708074583128754e-292,0.0007980845969672786,0.01163732038048978,0
RPL36A,36.675,1.3300453,1.828814300624416e-294,1.3308458647672967e-291,0.0,0.00030358227079538557,0
NUPR1,36.616398,2.3305697,1.5684481353953353e-293,1.1057069214494803e-290,0.055865921787709494,0.06972272819267354,0
RPL11,36.57713,0.6223546,6.608160311876728e-293,4.517378438655367e-290,0.05985634477254589,0.0560615260068812,0
TMSB10,36.52883,0.52289456,3.8666253890809083e-292,2.5655059456551825e-289,0.010375099760574621,0.026816433920259057,0
RPS23,36.422348,0.9081468,1.885511225933424e-290,1.2152927927380602e-287,0.007182761372705506,0.003541793159279498,0
RPLP0,36.111244,0.82670796,1.5106685635044009e-285,9.466436701137716e-283,0.0,0.036328678405181135,0
RPL27A,35.988438,0.6852446,1.2687741268656079e-283,7.735750142692229e-281,0.0,0.01507791944950415,0
RPL31,35.8876,0.822943,4.768808936579189e-282,2.83104107369184e-279,0.3024740622505986,0.4597247520744788,0
RPS17L,35.862892,1.013656,1.157873580712066e-281,6.697556437764999e-279,0.03192338387869114,0.02742359846184983,0
RPS27,35.80476,0.64166373,9.312176365803355e-281,5.251834665903947e-278,0.019154030327214685,0.20957296093908115,0
RPL38,35.62455,0.74444395,5.840082062761126e-278,3.213327103751908e-275,0.0,0.00030358227079538557,0
RPLP1,35.51792,0.5504469,2.599927821367752e-276,1.3964707552913124e-273,0.1005586592178771,0.17223234163124873,0
RPS12,35.415672,0.709276,9.798370461765162e-275,5.140498587138611e-272,0.007182761372705506,0.004250151791135397,0
RPL18,35.261547,0.65778327,2.2828716160459184e-272,1.1704386542359063e-269,0.08140462889066241,0.08500303582270795,0
RPS28,35.075127,0.6463987,1.614452132830704e-269,8.093427925450634e-267,0.08379888268156424,0.08378870673952642,0
RPL21,34.714806,0.7089777,4.710564178268518e-264,2.3101221151643364e-261,0.18036711891460494,0.22262699858328275,0
SNHG5,34.456303,1.3190757,3.623273927037604e-260,1.739094394043432e-257,0.13886671987230648,0.26006881198138027,0
RPS6,34.012405,0.8075711,1.460577335204885e-253,6.864409188518125e-251,0.0007980845969672786,0.0004047763610605141,0
RPL35A,33.86831,0.7544392,1.9512714484708465e-251,8.983414817562006e-249,0.11332801276935354,0.11303379882614856,0
RPS16,33.572857,0.6819344,4.177728369487551e-247,1.8849074857453933e-244,0.8244213886671987,0.7782837482291034,0
RPL30,33.18625,0.7939128,1.6998829161730727e-241,7.519148765872225e-239,0.11811652035115722,0.18639951426836673,0
ADH1C,32.913475,2.9584453,1.4101754070854197e-237,6.362429401687996e-234,0.0008944543828264759,0.0007986423080762703,1
GMNN,26.184898,2.2840807,3.948950934899625e-151,4.94913245224448e-148,0.0008944543828264759,0.0003993211540381352,1
LEFTY1,26.122404,2.632516,2.029348231946994e-150,2.4094771981311703e-147,0.0008944543828264759,0.000499151442547669,1
C1QBP,25.720793,1.9811547,6.842922274329437e-146,7.35092778983799e-143,0.0035778175313059034,0.001996605770190676,1
TRABD2A,25.638485,2.4171953,5.683139236033532e-145,5.82754263753093e-142,0.0017889087656529517,0.0001996605770190676,1
MGST1,25.093506,1.652663,5.85514949476834e-139,5.28345269809916e-136,0.629695885509839,0.4422481780972347,1
MLEC,23.442955,1.743431,1.5597662731459597e-121,1.1350570114806357e-118,0.04293381037567084,0.022861136068683237,1
EDN1,22.994492,1.941934,5.292111910710556e-117,3.316243127603318e-114,0.06440071556350627,0.05929919137466307,1
IMPDH2,22.857206,2.0062296,1.2391177115429125e-115,7.554934176945017e-113,0.008050089445438283,0.0056903264450434265,1
PPP1R1B,22.690268,1.7567188,5.5897768575637116e-114,3.318415161309994e-111,0.8202146690518783,0.712189278227014,1
SUCLG1,22.660221,1.5655519,1.106242646537426e-113,6.3989045803173825e-111,0.0626118067978533,0.05680343416192473,1
KLF5,22.109823,1.5007852,2.542628382213795e-108,1.4106048373358205e-105,0.0017889087656529517,0.0007986423080762703,1
NME1,22.109451,1.8608481,2.5637128565436694e-108,1.4106048373358205e-105,0.008944543828264758,0.007986423080762703,1
ESD,21.88271,1.9399757,3.7960725626173265e-106,1.903013354224095e-103,0.0035778175313059034,0.0034940600978336828,1
EIF3L,21.792494,1.7236602,2.733525081848488e-105,1.3120338791791497e-102,0.0008944543828264759,0.0011979634621144056,1
EIF3E,21.527403,1.6164299,8.623169574794997e-103,3.814315341917654e-100,0.0017889087656529517,0.0003993211540381352,1
UGT2B17,21.204865,1.7753644,8.611724898157522e-100,3.532216399591555e-97,0.023255813953488372,0.01497454327643007,1
EBPL,21.146618,2.1688676,2.964503993866513e-99,1.1732674666251695e-96,0.08318425760286226,0.03563941299790356,1
RPL7P9,21.070513,1.7173464,1.48317421898678e-98,5.671004611207249e-96,0.0,0.0002994908655286014,1
PEBP1,20.851173,1.4416925,1.4873294935897346e-96,5.500437056703413e-94,0.0026833631484794273,0.0015972846161525407,1
SNRPE,20.828817,1.6573467,2.3724768511519793e-96,8.632371820183468e-94,0.389087656529517,0.13956274333632823,1
CCND2,20.666935,1.9530793,6.874564993069521e-95,2.4107508663569874e-92,0.01520572450805009,0.0069881201956673656,1
SLC12A2,20.666435,1.9539231,6.946176972082282e-95,2.4107508663569874e-92,0.0017889087656529517,0.009384047119896176,1
SUCLG2,20.628704,1.4792308,1.5166217362744102e-94,5.183859052820367e-92,0.0,0.0002994908655286014,1
RARRES2,20.548424,1.7569851,7.950186897197397e-94,2.6768397942369565e-91,0.06887298747763863,0.0218628331835879,1
TOMM22,20.27036,1.6370959,2.3492573576257756e-91,7.680709671113025e-89,0.3613595706618962,0.2501747030048917,1
PHB2,20.10147,1.5383323,7.16393069577341e-90,2.276212853041583e-87,0.061717352415026835,0.3689727463312369,1
LRRC75A-AS1,20.090675,1.2224867,8.904282115331175e-90,2.7898847255521664e-87,0.09928443649373882,0.06029749425975841,1
NDUFAB1,20.070404,1.461794,1.3391044733527688e-89,4.138199700597961e-87,0.0035778175313059034,0.011180992313067784,1
GAS6,20.043453,1.8133804,2.3022602805148514e-89,7.018471576774937e-87,0.0,0.0002994908655286014,1
MARCKSL1,20.04236,1.536763,2.3534144987256843e-89,7.078757023567028e-87,0.07334525939177101,0.06758510532095438,1
HSPD1,20.002956,1.3985778,5.1903146400487326e-89,1.5406356311165704e-86,0.10465116279069768,0.0511131077168813,1
SET,19.979017,1.4851539,8.385970579028933e-89,2.45687156223784e-86,0.04382826475849732,0.022861136068683237,1
CCT2,19.773262,1.7023809,5.0596038697948255e-87,1.4267450462337683e-84,0.006261180679785331,0.0036937206748527502,1
FAM84A,19.660025,1.5782394,4.7450052015404265e-86,1.321513238784574e-83,0.0017889087656529517,0.03563941299790356,1
MYC,19.478907,2.3353622,1.6578405754622027e-84,4.452288754982361e-82,0.0,0.014874712987920535,1
SRSF6,19.35381,1.626987,1.8932174758848397e-83,4.909091153848977e-81,0.5867620751341681,0.42587601078167114,1
RSL1D1,19.340124,1.671796,2.4687788242533245e-83,6.32877062458304e-81,0.052772808586762074,0.025157232704402517,1
APEX1,19.30895,1.9346987,4.516548655524656e-83,1.1448182148312441e-80,0.07692307692307693,0.20055904961565338,1
EIF1AX,19.273941,1.4805814,8.89004707871348e-83,2.2283396894299712e-80,0.0017889087656529517,9.98302885095338e-05,1
ATP5A1,19.232473,1.3314469,1.9795986835277775e-82,4.907446890297048e-80,0.2924865831842576,0.14984526305281023,1
HSPA9,19.033403,1.5185903,9.019916323758078e-81,2.164683961145303e-78,0.0008944543828264759,0.004991514425476689,1
NCOA7,18.873621,1.495205,1.879674839901346e-79,4.463535232982575e-77,0.11359570661896243,0.08136168513527003,1
UQCRC2,18.830397,1.3576216,4.25565072640138e-79,1.0000335910092575e-76,0.13953488372093023,0.07756813417190776,1
CD99,18.751898,1.4929595,1.8680508529271767e-78,4.34447001970971e-76,0.3470483005366726,0.20345412798242987,1
KRTCAP3,18.662668,1.598535,9.963099131474196e-78,2.2702783162315796e-75,0.28354203935599287,0.24228811021263852,1
BZW2,18.638361,1.8244276,1.569792644309342e-77,3.5412952262974446e-75,0.0,0.000499151442547669,1
TMEM261,18.601292,1.5162098,3.136617614509229e-77,6.937152624089578e-75,0.16994633273703041,0.10671857841669162,1
CFTR,18.577494,2.2354727,4.888055605146151e-77,1.0705790912280778e-74,0.8622540250447227,0.7746830388339823,1
RPSAP58,18.571505,1.3574319,5.464920359999534e-77,1.1854147923195144e-74,0.28711985688729874,0.1666167515224119,1
SLC26A2,43.105064,3.3090184,0.0,0.0,0.0,0.000892325996430696,2
SELENBP1,41.812126,2.2574627,0.0,0.0,0.0,0.00049573666468372,2
CA1,36.86864,2.8216412,1.4705045360994162e-297,1.1057703943288908e-293,0.0,0.000594883997620464,2
KRT19,36.82976,1.2800561,6.167786858350722e-297,3.4784775934383484e-293,0.0,0.002379535990481856,2
CA2,36.37198,2.132247,1.1809118027222543e-289,5.328037871522266e-286,0.0,0.000396589331746976,2
KRT20,36.0901,2.5028615,3.2431462785284656e-285,1.2193689482887275e-281,0.4652049571020019,0.4606385088241126,2
FABP1,35.6072,1.5759727,1.0839215244916632e-277,3.4931693815724904e-274,0.029551954242135366,0.024390243902439025,2
HSD11B2,35.252033,2.2849474,3.1936700716314475e-272,9.005750393241728e-269,0.07149666348903717,0.05859607376561571,2
SLC26A3,35.23672,2.9835188,5.4804235758417204e-272,1.3736986160823708e-268,0.010486177311725452,0.00545310331152092,2
ADIRF,35.056976,2.2745967,3.0525445302091185e-269,6.88623520569875e-266,0.8484270734032412,0.7099940511600238,2
CD24,34.809235,1.4562612,1.763313638277283e-265,3.6162356696270206e-262,0.047664442326024785,0.05839777909974222,2
S100A14,34.335896,1.4118773,2.2869756073546248e-258,4.299323560526081e-255,0.0009532888465204957,0.000892325996430696,2
TMEM54,34.298344,1.8108869,8.306307386389335e-258,1.4413999102273616e-254,0.005719733079122974,0.008328375966686495,2
CKB,34.12704,1.6973726,2.9299005890400365e-255,4.721116242011014e-252,0.0019065776930409914,0.003668451318659528,2
LGALS4,33.9875,0.9445733,3.408689727442455e-253,5.126442104091623e-250,0.0019065776930409914,0.001090620662304184,2
SLC51B,33.76282,3.1125321,6.932570091903987e-250,9.774490543953877e-247,0.0009532888465204957,0.00049573666468372,2
LGALS3,33.625004,1.0263977,7.233565272168342e-248,9.59894111616739e-245,0.011439466158245948,0.016260162601626018,2
CDKN2B-AS1,33.18578,3.070612,1.726789170494047e-241,2.1641464942875115e-238,0.016205910390848427,0.04293079516161015,2
BSG,33.003838,1.3708481,7.155095427631483e-239,8.495357776417822e-236,0.0,0.000297441998810232,2
ETHE1,32.856697,1.7742943,9.138865479769705e-237,1.0308183317906237e-233,0.0019065776930409914,0.0016855046599246481,2
FXYD3,32.63282,1.2722427,1.4046778117698539e-233,1.5089584169388636e-230,0.0657769304099142,0.1748958953004164,2
GUCA2A,32.541553,2.6274886,2.7570567343807516e-232,2.8271110395861536e-229,0.005719733079122974,0.008030933967876264,2
KRT8,31.354563,0.82719207,8.430961557139743e-216,8.269307033370237e-213,0.00667302192564347,0.008824112631370217,2
PHGR1,31.032692,0.76635766,1.9534294877841926e-211,1.8361423256218165e-208,0.0,0.000297441998810232,2
TST,30.065845,1.925869,1.3553269330953277e-198,1.2229928113479e-195,0.00667302192564347,0.028653579218719017,2
PRAP1,29.642914,2.2993112,4.1854927514713877e-193,3.631558883863194e-190,0.14680648236415633,0.27325004957366644,2
MS4A12,29.436197,2.6396172,1.89103712737654e-190,1.5799965391291618e-187,0.38798856053384173,0.33293674400158635,2
CEACAM7,29.24674,2.6888747,4.9400092993648856e-188,3.980059635156159e-185,0.04194470924690181,0.06652786040055522,2
MALL,29.21267,2.3763692,1.3388645645786328e-187,1.0414981280113579e-184,0.0,0.011501090620662305,2
ALDOA,28.976763,0.88534343,1.291475266634661e-184,9.711463513337105e-182,0.0009532888465204957,0.000198294665873488,2
PRSS3,28.8925,1.8473355,1.4832525438605752e-183,1.0793772302242167e-180,0.111534795042898,0.06365258774538965,2
C10orf99,28.706312,1.530511,3.1823488115769145e-181,2.243456463761363e-178,0.05147759771210677,0.0570097164386278,2
AGPAT2,28.371302,1.7106571,4.571219646374758e-177,3.1249134546232777e-174,0.010486177311725452,0.02647233789411065,2
CSTB,28.326235,1.2525637,1.6427077271285006e-176,1.0899365769497602e-173,0.0019065776930409914,0.004164187983343248,2
PKIB,27.78382,2.1908102,6.80484657016608e-170,4.386015250753617e-167,0.002859866539561487,0.03529645052548087,2
CES2,27.493805,1.7788737,2.082201774366515e-166,1.304788606331506e-163,0.0009532888465204957,0.014673805274638112,2
MVP,27.220093,1.6739724,3.7567384309762947e-163,2.1187065566098556e-160,0.5795996186844614,0.4277215942891136,2
ACAA1,27.179327,2.024718,1.1403159373317763e-162,6.124854102444654e-160,0.010486177311725452,0.0297441998810232,2
MISP,27.163391,1.6172512,1.7592272962345842e-162,9.229397343199067e-160,0.5004766444232602,0.1556613127106881,2
CHP2,26.827457,2.2460167,1.5459127906460235e-158,7.925965146405374e-156,0.0,0.000297441998810232,2
TCEB2,26.794205,0.7985343,3.774994304823825e-158,1.8924465893893484e-155,0.12392755004766444,0.1683521713265913,2
CDHR5,26.630108,1.9316175,3.042641597223849e-156,1.4604032296121874e-153,0.002859866539561487,0.004759071980963712,2
C19orf33,26.613295,1.2692568,4.763369834265708e-156,2.2386845852333354e-153,0.08579599618684461,0.08447352766210589,2
PRR13,26.564579,1.5978485,1.7427382155669125e-155,8.023353347953873e-153,0.06863679694947569,0.08536585365853659,2
TSPAN1,26.425344,1.7446042,7.008564022197802e-154,3.162123915535205e-151,0.2678741658722593,0.21267102914931588,2
PLAC8,26.392324,2.109312,1.6784058073033732e-153,7.424148354305255e-151,0.45281220209723544,0.22496529843347213,2
SRI,26.074621,1.3846151,7.07523360616263e-150,2.955744350396718e-147,0.0,0.00049573666468372,2
SULT1A1,26.064726,2.1571808,9.160901882390465e-150,3.757468828451755e-147,0.0905624404194471,0.11540749553837001,2
HSPB1,25.988213,1.2663888,6.730490596357286e-149,2.7113060243432863e-146,0.9418493803622497,0.7670037675986516,2
UQCRQ,25.906523,0.8715883,5.6228693326750656e-148,2.187005332341669e-145,0.15061963775023832,0.181637913940115,2
TFF3,48.708908,2.6413083,0.0,0.0,0.0,0.0008861756597085467,3
MUC2,44.545464,4.3504505,0.0,0.0,0.0,0.0004923198109491926,3
SPINK4,43.89054,4.6823926,0.0,0.0,0.0010214504596527069,0.0004923198109491926,3
WFDC2,43.32693,3.26024,0.0,0.0,0.0,0.0023631350925561244,3
ITLN1,41.81349,4.6730065,0.0,0.0,0.0,0.00039385584875935406,3
AGR2,41.471497,1.4193362,0.0,0.0,0.5740551583248212,0.4501772351319417,3
KLK1,39.77209,4.061454,0.0,0.0,0.026557711950970377,0.02471445450964947,3
LRRC26,37.69043,4.7692246,0.0,0.0,0.04290091930541369,0.06144151240645924,3
SPINK1,34.84743,2.299137,4.6570131093718774e-266,1.1673062081591131e-262,0.0020429009193054137,0.006301693580149665,3
ZG16,34.6186,2.7471132,1.326480432344574e-262,2.9924072073261244e-259,0.7875383043922369,0.7168176447420245,3
FCGBP,33.967293,2.6355426,6.777075523831107e-253,1.3898549703827813e-249,0.0449438202247191,0.05858605750295392,3
ST6GALNAC1,33.800697,3.116444,1.9262823923460087e-250,3.6212503740778006e-247,0.0,0.0009846396218983853,3
CLCA1,31.973698,5.0414863,2.5311859528068497e-224,4.392386454566902e-221,0.010214504596527068,0.007877116975187082,3
SERPINA1,31.949066,3.5775473,5.566179033135893e-224,8.969102343465186e-221,0.007150153217568948,0.0031508467900748325,3
RETNLB,29.926506,5.422722,8.896910044149017e-197,1.3380359579063845e-193,0.0020429009193054137,0.0010831035840882237,3
REP15,26.790092,4.6197805,4.2152993253722e-158,5.59370220476891e-155,0.0010214504596527069,0.0004923198109491926,3
SPDEF,26.699427,3.1116004,4.779522162200117e-157,5.990068914281801e-154,0.010214504596527068,0.016345017723513194,3
NPDC1,26.492907,2.3370407,1.1699317840935789e-154,1.3890784798614235e-151,0.06435137895812053,0.03810555336746751,3
HPCAL1,26.19668,3.0183656,2.8992008354594202e-151,3.270153582356453e-148,0.0,0.00029539188656951555,3
TPM1,26.035145,1.3879309,1.9819290720522236e-149,2.1290637112583865e-146,0.0,0.0018708152816069318,3
C12orf57,25.78168,1.5103462,1.4232702849692938e-146,1.395980624287926e-143,0.17262512768130744,0.16384403308389128,3
TPSG1,25.65704,4.2855797,3.528490466088587e-145,3.316634017687184e-142,0.006128702757916241,0.00797558093737692,3
RNASE1,25.516268,2.1846702,1.3008952606207836e-143,1.1738758473737704e-140,0.0020429009193054137,0.009255612445844821,3
SSR4,24.956156,1.0801371,1.8308915745918305e-137,1.5885801165852734e-134,0.0,0.00029539188656951555,3
SELK,24.848797,1.1565368,2.6644909021609594e-136,2.2262314911795957e-133,0.01634320735444331,0.027569909413154785,3
NR4A1,24.06281,1.6542511,6.13048560490078e-128,4.609920825365223e-125,0.16138917262512767,0.2709728239464356,3
REG4,23.85399,3.2624907,9.205299255313116e-126,6.698785351632535e-123,0.14606741573033707,0.3566364710515951,3
SELM,23.709581,3.8109245,2.8719286231193244e-124,2.024619931529651e-121,0.03779366700715015,0.06675856636471052,3
ATF3,23.314735,1.2333764,3.142611713967714e-120,2.148308413799929e-117,0.0,0.011421819614021268,3
HEPACAM2,22.622404,3.9460967,2.608750558255123e-113,1.634744551213259e-110,0.0,0.00029539188656951555,3
PPIB,22.229286,1.197198,1.7895920766474584e-109,1.0092851914272503e-106,0.0755873340143003,0.06744781410003939,3
RPL10,21.898262,0.41939813,2.6988158788449025e-106,1.4849411563624918e-103,0.04800817160367722,0.05730602599448602,3
RASD1,21.73844,2.6800332,8.88699487502382e-105,4.773374223468151e-102,0.03779366700715015,0.023729814887751083,3
FKBP11,21.722075,2.6267579,1.2691882673751059e-104,6.6585158427244224e-102,0.007150153217568948,0.003643166601024025,3
RPS12,21.698801,0.5222217,2.105824160559087e-104,1.0796656190466464e-101,0.0020429009193054137,0.035151634501772354,3
LRRC75A-AS1,21.59345,1.1558334,2.0696431519996481e-103,1.0375351081324459e-100,0.0010214504596527069,0.0145726664040961,3
FOS,21.553495,0.6697337,4.909650427354698e-103,2.4077566084933613e-100,0.44228804902962204,0.4420047262701851,3
SEC61G,21.432348,0.9935142,6.672825005918329e-102,3.136088735593991e-99,0.028600612870275793,0.0278653012997243,3
FOSB,21.0894,1.0663265,9.951758797831755e-99,4.490034534405732e-96,0.03575076608784474,0.20283576211106735,3
XBP1,20.968641,1.3564718,1.2683272235392689e-97,5.610234085455366e-95,0.0,0.00029539188656951555,3
BTG2,20.78015,1.2218714,6.54555166220705e-96,2.839636537456324e-93,0.1675178753830439,0.16384403308389128,3
MYADM,20.257898,1.9889456,3.0260393286188374e-91,1.2190075216841492e-88,0.0010214504596527069,0.004923198109491926,3
RPL34,20.242939,0.52359945,4.099786972947608e-91,1.6225806021530718e-88,0.0735444330949949,0.08566364710515952,3
HERPUD1,19.868727,0.9586927,7.590388792924652e-88,2.853859679659787e-85,0.07967313585291114,0.08418668767231194,3
GDF15,19.852444,1.7600976,1.049679854024905e-87,3.8819225945816115e-85,0.1940755873340143,0.22016541945647894,3
RPL32,19.768208,0.5537614,5.592779489462234e-87,2.0349598790770731e-84,0.1062308478038815,0.2599448601811737,3
RPL36A,19.743399,1.0136789,9.141587772023187e-87,3.2222668523292356e-84,0.0,0.0004923198109491926,3
BEST2,19.7074,4.496792,1.86297058363095e-86,6.465654368635476e-84,0.07252298263534218,0.11697518708152817,3
RPL26,19.67606,0.53748894,3.4587698311811856e-86,1.1822180094184297e-83,0.7681307456588355,0.7849547065773926,3
HSP90B1,19.669224,0.97941744,3.957892542125477e-86,1.3326283262359498e-83,0.18794688457609807,0.17782591571484838,3
SRGN,49.06369,7.436238,0.0,0.0,0.002190580503833516,0.0006847974955977304,4
CD7,46.209595,8.174775,0.0,0.0,0.0,0.0004891410682840931,4
CREM,45.969746,5.7975163,0.0,0.0,0.0,0.0005869692819409117,4
PTPRC,44.84222,7.423451,0.0,0.0,0.002190580503833516,0.00215222070045001,4
CD52,44.508877,6.7172966,0.0,0.0,0.0,0.0003913128546272745,4
TMEM66,43.644554,3.1228647,0.0,0.0,0.1927710843373494,0.48503228331050674,4
ARHGDIB,42.850323,6.12224,0.0,0.0,0.007667031763417305,0.026413617687341028,4
HCST,41.6463,7.6676354,0.0,0.0,0.017524644030668127,0.0635883388769321,4
CCL5,41.599117,8.395569,0.0,0.0,0.0,0.006456662101350029,4
CD3E,41.207092,10.436591,0.0,0.0,0.3537787513691128,0.7560164351398944,4
CD3D,40.059902,9.486333,0.0,0.0,0.0032858707557502738,0.062218743885736644,4
TRAC,39.77205,9.403394,0.0,0.0,0.001095290251916758,0.0008804539229113677,4
LAPTM5,38.904728,5.9536133,0.0,0.0,0.0,0.008804539229113676,4
EEF1A1,38.69146,0.7775231,0.0,0.0,0.004381161007667032,0.003423987477988652,4
RGS1,38.41937,6.849564,0.0,0.0,0.0,0.001271766777538642,4
TRBC2,38.30913,7.3503933,0.0,0.0,0.0,0.0005869692819409117,4
B2M,38.227848,0.86815804,0.0,0.0,0.012048192771084338,0.016141655253375072,4
SAMSN1,38.103897,7.0001683,0.0,0.0,0.0416210295728368,0.04030522402660927,4
BTG1,38.02414,1.6010977,0.0,0.0,0.0,0.00029348464097045585,4
PABPC1,37.960632,1.7420465,0.0,0.0,0.001095290251916758,0.0017609078458227353,4
FYN,37.82128,8.1480875,0.0,0.0,0.1380065717415115,0.1669927607121894,4
KLRB1,37.63896,8.7825575,4.9582909158859e-310,2.4856463282549014e-307,0.002190580503833516,0.008315398160829584,4
TSC22D3,37.084538,4.2189364,4.98736769289661e-301,2.393830378384141e-298,0.01533406352683461,0.008021913519859127,4
CLEC2D,37.014404,6.95766,6.717304794826319e-300,3.1569933097184775e-297,0.0,0.00029348464097045585,4
EVL,36.95387,7.1042433,6.312566139372558e-299,2.906228153838888e-296,0.013143483023001095,0.02778321267853649,4
RPL4,36.543358,1.7145345,2.273560060705481e-292,1.025784828189099e-289,0.18838992332968238,0.2678536489923694,4
CORO1A,36.15261,5.864273,3.3851320442809173e-286,1.497356740920259e-283,0.5673603504928806,0.31764820974369007,4
VIM,36.14749,6.079963,4.0740160465167864e-286,1.7674178460263882e-283,0.012048192771084338,0.06887106241440032,4
NAP1L1,36.056355,3.2928958,1.0965898784885345e-284,4.497812921604154e-282,0.06900328587075576,0.0051848953238113876,4
NPM1,35.792843,2.0817704,1.4271249345648023e-280,5.749019892651318e-278,0.002190580503833516,9.782821365681862e-05,4
PNRC1,35.773117,2.4532607,2.892609368751592e-280,1.1448135920994238e-277,0.002190580503833516,0.0740559577382117,4
NKG7,35.58673,8.515089,2.2474576781468857e-277,8.450066293552599e-275,0.009857612267250822,0.06065349246722755,4
TMSB4X,34.50395,0.52880776,6.998875410478003e-261,2.3922368240147466e-258,0.002190580503833516,0.02700058696928194,4
CD37,34.3338,5.377951,2.4577214995547584e-258,8.275184971411313e-256,0.002190580503833516,0.004108784973586382,4
CST7,34.228783,9.247604,9.02443252868025e-257,2.993855491389673e-254,0.33406352683461116,0.005282723537468206,4
S100A4,34.07423,5.572153,1.776866815101664e-254,5.8093244176635425e-252,0.13143483023001096,0.0028370181960477403,4
LEPROTL1,33.97837,3.9830167,4.649831512108934e-253,1.498507844023792e-250,0.2212486308871851,0.46174916846018393,4
SRSF2,33.9295,1.981786,2.4473714766755076e-252,7.776091991876448e-250,0.0416210295728368,0.026707102328311486,4
SYTL3,33.800583,7.892901,1.933741643051989e-250,6.058788573001364e-248,0.013143483023001095,0.2037761690471532,4
HNRNPA1,33.736492,1.371612,1.6871218436408426e-249,5.143213739282941e-247,0.0,0.00029348464097045585,4
AC092580.4,33.567745,8.686416,4.960532276235453e-247,1.4346749694819945e-244,0.1456736035049288,0.16581882214830757,4
CYTIP,33.534058,5.948825,1.5374942501710362e-246,4.39042187210233e-244,0.0032858707557502738,0.004695754255527294,4
GZMA,33.495213,8.943972,5.658589149522766e-246,1.5956514078010508e-243,0.05147864184008762,0.08755625122285267,4
LSP1,33.450367,6.3553796,2.542239955166229e-245,7.080295203530242e-243,0.05805038335158817,0.08608882801800039,4
HLA-B,33.066956,0.960355,8.876437304562158e-240,2.328413362251369e-237,0.10405257393209201,0.2280375660340442,4
YPEL5,32.80145,3.1569288,5.614799338681872e-236,1.4231939132733073e-233,0.04381161007667032,0.2645274897280376,4
CXCR4,32.750175,5.710175,3.018781766351403e-235,7.566744207457923e-233,0.0,0.0004891410682840931,4
COTL1,32.416046,3.145023,1.6308523532179401e-230,3.913872152791863e-228,0.009857612267250822,0.12228526707102329,4
CCNI,32.237823,1.9725922,5.21139047946061e-228,1.2375132402752831e-225,0.36911281489594744,0.8204852279397378,4
STK4,32.199123,4.219549,1.8153921140654522e-227,4.265982364708597e-225,0.1511500547645126,0.1811778516924281,4
RN7SK,31.905254,2.554107,2.257578225939363e-223,5.092870719896609e-219,0.0,0.0008747205753717563,5
STARD10,28.982113,1.8174515,1.1057894929179095e-184,1.247275258536756e-180,0.0,0.00048595587520653126,5
CA1,26.74709,2.2921078,1.3349266716876282e-157,1.0038203595533734e-153,0.0,0.0005831470502478375,5
ATP5D,26.087639,0.7868008,5.035954449478307e-150,2.8401524106445285e-146,0.002364066193853428,0.0021382058509087374,5
SELENBP1,25.43947,1.6040359,9.232209691209613e-143,4.165388368479953e-139,0.0,0.000388764700165225,5
CHCHD10,24.41853,0.880236,1.0871279163286253e-131,3.5035026663510657e-128,0.3817966903073286,0.4675867431237244,5
NDUFB7,23.71854,0.9181798,2.3213255650343864e-124,6.5458479277013406e-121,0.01182033096926714,0.025950043736028768,5
SLC26A2,23.646748,2.1509528,1.2748426550394403e-123,3.195463939448304e-120,0.0591016548463357,0.05986976382544465,5
NDUFS7,23.014057,1.1219684,3.371202165004484e-117,7.605094964033616e-114,0.0035460992907801418,0.006123044027602294,5
HMGCS2,22.292343,1.8923959,4.384287715119736e-110,8.991376960489648e-107,0.7316784869976359,0.722324812906988,5
KRT19,22.25834,0.98849577,9.364811464362545e-110,1.7605065152046219e-106,0.02364066193853428,0.06016133735056857,5
ELF3,22.22646,0.8820261,1.9058895572883102e-109,3.307304809451307e-106,0.001182033096926714,0.0008747205753717563,5
CYC1,21.855911,1.0834491,6.829473143255043e-106,1.1004720331335036e-102,0.015366430260047281,0.007483720478180581,5
CA2,21.689505,1.5947089,2.57745798060574e-104,3.876324972298993e-101,0.0035460992907801418,0.003498882301487025,5
UQCRC1,21.261995,1.0714724,2.553249944758345e-100,3.5999228439877195e-97,0.001182033096926714,0.001166294100495675,5
MRPL12,21.172806,1.3377297,1.701191226431036e-99,2.2574807574739848e-96,0.0,0.0005831470502478375,5
TMSB10,20.987164,0.3527544,8.592413417655103e-98,1.0768680793826747e-94,0.013002364066193853,0.01603654388181553,5
IER3,20.728674,0.982481,1.9097806200296613e-95,2.2675126845920593e-92,0.02009456264775414,0.04208377879288561,5
ADIRF,20.668747,1.5559021,6.621198029422091e-95,7.468380317286647e-92,0.0,0.00029157352512391874,5
FABP1,20.634895,1.2322162,1.3343297270485886e-94,1.4333878244042434e-91,0.001182033096926714,0.0017494411507435125,5
RP1-313I6.12,20.454464,1.6424292,5.482078566127228e-93,5.621373198784734e-90,0.10874704491725769,0.16920983574691417,5
S100A14,20.320309,1.0375565,8.504092018011142e-92,8.341035297144059e-89,0.004728132387706856,0.00806686752842842,5
PHGR1,20.049648,0.5963828,2.0327985419931636e-89,1.910745929534324e-86,0.008274231678486997,0.008650014578676255,5
TCEB2,19.915424,0.66874653,2.9910724661069216e-88,2.699024150516242e-85,0.0,0.00029157352512391874,5
HES1,19.859787,1.2407504,9.069457739049728e-88,7.869149889816263e-85,0.0070921985815602835,0.028185440761978812,5
C19orf70,19.673365,1.124946,3.6475777212121815e-86,3.0476187338083557e-83,0.2198581560283688,0.26474876081251825,5
HIST1H4C,19.647251,1.5378689,6.103039134181614e-86,4.9170878510001084e-83,0.08156028368794327,0.3592185829526679,5
PIGR,19.645103,0.7039106,6.3667152357137426e-86,4.9526458276712526e-83,0.04728132387706856,0.06560404315288172,5
ASL,19.57586,1.3856343,2.4841755764099188e-85,1.807758607362302e-82,0.0,0.011274176304791526,5
HEXIM1,19.546324,1.6554503,4.4334574958775565e-85,3.1254489890469314e-82,0.0,0.00029157352512391874,5
ATP5G3,19.310516,0.6218894,4.3817286138615574e-83,2.9953762363667537e-80,0.0933806146572104,0.06608999902808825,5
MT-RNR1,19.201317,0.50873435,3.608326277871253e-82,2.3941244853675763e-79,0.06264775413711583,0.0559821168237924,5
POLR2L,19.139126,0.7290639,1.192557234916732e-81,7.686542474996159e-79,0.013002364066193853,0.025950043736028768,5
ATP5I,18.959312,0.65800244,3.6995495479633405e-80,2.318281618125139e-77,0.002364066193853428,0.004082029351734863,5
RND3,18.897833,1.4031001,1.1883468444995156e-79,7.245382828395831e-77,0.002364066193853428,0.03469724948974633,5
RPS19,18.852488,0.5031134,2.8034692370149026e-79,1.664301645205768e-76,0.0,0.01448148508115463,5
RPS18,18.617498,0.4074186,2.317950661061765e-77,1.3407858708433936e-74,0.41843971631205673,0.4439692875886869,5
DSP,18.574795,1.2603642,5.140135587782834e-77,2.8989079681198233e-74,0.01182033096926714,0.02925454368743318,5
RPL28,18.492899,0.33474907,2.3554497912013434e-76,1.296014435114905e-73,0.18912529550827423,0.18806492370492758,5
RRBP1,18.453106,0.8738118,4.923301714468512e-76,2.6443991280165518e-73,0.0,0.00029157352512391874,5
TLE4,18.434391,1.735137,6.959831820780937e-76,3.651322001046446e-73,0.10638297872340426,0.16891826222179027,5
KRT18,18.34366,0.6795433,3.709563747576533e-75,1.9019101950358865e-72,0.004728132387706856,0.004567985226941394,5
NDUFS6,18.278543,0.7740623,1.2265826957164501e-74,6.148995340592756e-72,0.10874704491725769,0.08261249878511032,5
ARL14,18.067093,1.3087685,5.788551564051898e-73,2.8387811898575384e-70,0.04846335697399527,0.08669452813684518,5
ROMO1,17.853271,0.8407284,2.7259458496052567e-71,1.3083960089626593e-68,0.21749408983451538,0.2179026144426086,5
METTL12,17.85194,2.0305889,2.791632003837543e-71,1.3120088828035652e-68,0.3463356973995272,0.2382155700262416,5
CD24,17.850271,0.9801438,2.876320984592516e-71,1.3242229610494402e-68,0.001182033096926714,0.000388764700165225,5
LGALS2,17.585403,1.7012589,3.1870894318971224e-69,1.4379510098833438e-66,0.11229314420803782,0.11313052774808048,5
LMNA,17.57654,0.7508664,3.7262952348663633e-69,1.6482645922225548e-66,0.8640661938534279,0.7768490621051608,5
C19orf33,17.518044,1.0123701,1.0435262161768235e-68,4.5270976751409544e-66,0.14657210401891252,0.18135873262707747,5
LCN2,39.49807,3.8427696,0.0,0.0,0.0013227513227513227,0.0007707871663936795,6
CEACAM5,38.997078,2.6229143,0.0,0.0,0.0,0.0004817419789960497,6
DUOX2,38.167717,5.9062324,0.0,0.0,0.0,0.0005780903747952597,6
ASS1,38.088173,3.1051092,0.0,0.0,0.0013227513227513227,0.002216013103381829,6
PLA2G2A,37.641445,2.7870784,4.51599509875667e-310,2.0375266686570326e-306,0.0,0.00038539358319683977,6
SEPP1,37.609116,3.3862658,1.5253085489231e-309,5.734905925859375e-306,0.5582010582010583,0.45399364100587725,6
PI3,37.410336,4.0353217,2.6538054689044317e-306,8.552456796145011e-303,0.03042328042328042,0.024472492532999327,6
CEACAM6,36.700886,3.7220683,7.069771327763051e-295,1.5948697138300665e-291,0.0701058201058201,0.0590615666249157,6
MUC12,35.95623,2.3473368,4.045129224811811e-283,6.08360467883531e-280,0.0026455026455026454,0.006166297331149436,6
CEACAM7,35.79273,3.4055922,1.4331400641000553e-280,1.9017768650607734e-277,0.746031746031746,0.7213604393486849,6
CEACAM1,35.49872,3.269119,5.14466492915344e-276,5.802924806838623e-273,0.062169312169312166,0.05703825031313229,6
CLCA4,35.423634,3.954693,7.389228991394715e-275,7.247548557255364e-272,0.0,0.0009634839579920994,6
MUC13,35.195766,2.3110914,2.3212168122434425e-271,2.0140126948999932e-268,0.0026455026455026454,0.008478658830330475,6
PLAC8,34.998383,2.7416937,2.380879651315304e-268,1.852078070828343e-265,0.0,0.0037575874361691877,6
MUC1,34.70521,2.8779447,6.573861073187601e-264,4.00810086351457e-261,0.0,0.0012525291453897292,6
ISG15,33.317448,3.4293096,2.1582571088399704e-243,8.11468701972015e-241,0.0,0.0005780903747952597,6
DUOXA2,33.254597,5.8542423,1.7516852758462932e-242,6.478076743904349e-240,0.015873015873015872,0.01580113691107043,6
IFI27,33.21289,1.9185705,7.014161739363828e-242,2.552136688359816e-239,0.01984126984126984,0.041911552172656324,6
TRIM31,33.06534,3.3379507,9.364967813008923e-240,3.2009743771767925e-237,0.0,0.00028904518739762984,6
HK2,32.10446,3.340828,3.819911517435121e-226,1.180457313997519e-223,0.0,0.001830619520184989,6
SLC40A1,31.73834,4.0259852,4.59921634453832e-221,1.3651805462689469e-218,0.05291005291005291,0.17275267366798344,6
TSPAN1,31.622757,2.0786476,1.7969848906560296e-219,5.004713845470293e-217,0.013227513227513227,0.007418826476539166,6
GCNT3,30.849161,3.1281128,5.748571616661928e-209,1.5079305476776331e-206,0.031746031746031744,0.006937084497543116,6
CDHR5,30.43985,2.2906897,1.6322254103101366e-203,4.0912636701318194e-201,0.0,0.00028904518739762984,6
MDK,30.220558,3.0046518,1.2719094825721662e-200,3.085269464230699e-198,0.022486772486772486,0.026881202427979575,6
ISG20,29.9797,2.870408,1.8051262754457933e-197,4.198128211111511e-195,0.24074074074074073,0.26283842374024474,6
TMEM54,29.930035,1.7431391,8.00435745133431e-197,1.842554079027048e-194,0.8783068783068783,0.29877637537335006,6
PLEC,29.754534,2.684651,1.5151171159859557e-194,3.4524774767199167e-192,0.14682539682539683,0.058194431062722804,6
B2M,29.54228,0.7808457,8.251768999579795e-192,1.843085711500204e-189,0.009259259259259259,0.010501975142113883,6
MYO15B,29.517424,3.030405,1.7205962364275516e-191,3.768439854132926e-189,0.0,0.00028904518739762984,6
TMPRSS2,29.50778,2.5250037,2.2879040129739004e-191,4.96277179121906e-189,0.05555555555555555,0.06908179978803353,6
TMC5,29.433846,3.1765215,2.0268189212218208e-190,4.3545721946517195e-188,0.05291005291005291,0.056749205125734656,6
MXD1,28.95399,2.3049986,2.4997345088439814e-184,5.270234652804801e-182,0.037037037037037035,0.024087098949802484,6
PLS1,28.920328,2.521058,6.628937258295125e-184,1.3846499593507383e-181,0.0026455026455026454,0.004046632623566818,6
LMO7,28.764671,2.4279263,5.936857491677651e-182,1.228711634447304e-179,0.003968253968253968,0.03430002890451874,6
SAMD9,28.683342,3.9996648,6.15658170618017e-181,1.2626029700883495e-178,0.0013227513227513227,0.014259562578283072,6
SLC26A3,28.654396,2.6500127,1.4130984929338634e-180,2.8718999010896414e-178,0.4497354497354497,0.44146834955197994,6
EPCAM,28.595135,1.1151954,7.723183112172276e-180,1.555600784174057e-177,0.005291005291005291,0.029578957510357454,6
DST,28.58488,2.675312,1.0357881555879878e-179,2.0678181417618954e-177,0.3994708994708995,0.17275267366798344,6
GPRC5A,28.451488,2.442473,4.67065555784105e-178,9.242571818362829e-176,0.0013227513227513227,0.00019269679159841988,6
NEAT1,28.345104,0.97307974,9.617498618571173e-177,1.870354752899544e-174,0.15343915343915343,0.16494845360824742,6
DHRS9,28.319317,3.0416884,1.998752206974111e-176,3.8538334219768345e-174,0.01984126984126984,0.003468542248771558,6
PIGR,28.179623,0.9440182,1.0393589810353855e-174,1.9870253604387508e-172,0.08068783068783068,0.08488293669910396,6
CA4,27.785486,2.9935086,6.496447930790683e-170,1.211184866700058e-167,0.07407407407407407,0.08449754311590713,6
MISP,27.379818,1.7215565,4.770220147637619e-165,8.678338412141697e-163,0.18518518518518517,0.22025243279699394,6
KRT20,27.177813,2.1843607,1.1882405603611078e-162,2.1274221270782722e-160,0.3002645502645503,0.24250891222661142,6
XDH,27.16665,3.638567,1.6099241245343863e-162,2.8597069547536396e-160,0.0013227513227513227,0.00038539358319683977,6
MYH14,26.885391,2.1639452,3.254841562819508e-159,5.6481516012034824e-157,0.21164021164021163,0.10588688698333172,6
HLA-F,26.841791,2.5554793,1.051729037367589e-158,1.8111416300744612e-156,0.6931216931216931,0.7900568455535215,6
HLA-A,26.548262,0.68750846,2.689681784656127e-155,4.5621452165456815e-153,0.14682539682539683,0.1810386357067155,6
AQP8,38.857407,4.689366,0.0,0.0,0.0,0.000861656294877932,7
LINC01133,38.030754,3.8154707,0.0,0.0,0.0014492753623188406,0.0003829583532790809,7
SLC26A3,36.840706,3.2821345,4.1201565805878e-297,2.3236653075370045e-293,0.0,0.0005744375299186214,7
PRDX6,36.383106,2.3558457,7.876444838122099e-290,2.961411985053274e-286,0.0,0.0022977501196744855,7
MS4A12,36.032204,3.5851226,2.620380781788892e-284,8.444738579482231e-281,0.0,0.0003829583532790809,7
GUCA2A,35.411125,3.180242,1.1511988741894197e-274,2.885543933648791e-271,0.5231884057971015,0.4569650550502633,7
CEACAM7,34.37563,3.3818104,5.833544020182572e-259,1.0122993811638358e-255,0.03188405797101449,0.024413595021541407,7
PLAC8,34.279934,2.7731318,1.5623923698302795e-257,2.51757210507152e-254,0.14782608695652175,0.05399712781235041,7
MYL12B,34.266613,1.5704168,2.4674867374519118e-257,3.710935554011845e-254,0.010144927536231883,0.005648635710866443,7
PKIB,33.650063,2.8305697,3.1112512580600298e-248,3.694037743714538e-245,0.8826086956521739,0.7124940162757301,7
GUCA2B,33.584015,3.4594102,2.871255416954805e-247,3.238632547554172e-244,0.050724637681159424,0.05782671134514122,7
FTH1,33.53919,0.7744045,1.2942917043338827e-246,1.3271784799121845e-243,0.0014492753623188406,0.000861656294877932,7
CEACAM1,33.47569,3.2214694,1.0886654769819835e-245,1.067791499792894e-242,0.004347826086956522,0.00832934418382001,7
ANPEP,33.187206,3.7446842,1.6467926597665893e-241,1.54791648381977e-238,0.002898550724637681,0.003542364767831498,7
TSPAN1,32.87764,2.1677783,4.588272973766697e-237,3.9810326928924204e-234,0.002898550724637681,0.0010531354715174724,7
FTH1P10,32.761337,1.4424605,2.093678812515594e-235,1.6286655286737687e-232,0.0,0.0005744375299186214,7
C2orf88,32.713406,3.3768623,1.0070192791479371e-234,7.328176747838165e-232,0.011594202898550725,0.016084250837721397,7
SEPP1,32.15996,3.0049303,6.409123867580388e-227,4.2524536861395875e-224,0.007246376811594203,0.04260411680229775,7
HPGD,32.012802,3.3493152,7.235508950011221e-225,4.663595611522947e-222,0.0,0.0002872187649593107,7
IL32,31.538267,2.4367294,2.5971688289112163e-218,1.3315802638956392e-215,0.0,0.0018190521780756344,7
IFI27,31.421198,1.7974205,1.0389944833038903e-216,4.9869524572026515e-214,0.02463768115942029,0.17386309238870273,7
TSPAN8,31.416197,1.4789786,1.215970010811562e-216,5.714805723728756e-214,0.004347826086956522,0.008042125418860699,7
PRAP1,31.348639,2.7806942,1.0153690947800916e-215,4.491315962577272e-213,0.005797101449275362,0.008808042125418861,7
EPCAM,31.194172,1.257933,1.2781592373129647e-213,5.5449988912583025e-211,0.0,0.0002872187649593107,7
FXYD3,31.171904,1.3706748,2.5612080176814276e-213,1.0699683642754691e-210,0.004347826086956522,0.028051699377692675,7
SLC51B,31.08914,3.3085387,3.3771190769859626e-212,1.3851714410495697e-209,0.07246376811594203,0.27381522259454283,7
RHOC,30.917023,2.1462095,7.053923530685704e-210,2.7436113953230825e-207,0.717391304347826,0.3130684538056486,7
PRR13,30.76305,1.9599293,8.181703378243436e-208,2.9769523630611886e-205,0.057971014492753624,0.0646242221158449,7
CDKN2B-AS1,30.452684,3.2845082,1.103748332503472e-203,3.8905404113977854e-201,0.0014492753623188406,0.011010052656773576,7
EMP1,30.40781,3.0032477,4.330870997837175e-203,1.503078751387828e-200,0.0,0.0002872187649593107,7
VAMP8,30.397379,1.8578448,5.94897422639882e-203,2.033377417777742e-200,0.07246376811594203,0.06787936811871709,7
CLCA4,30.23135,3.3599439,9.175775131395572e-201,3.0894971819276525e-198,0.02463768115942029,0.058592628051699375,7
ACTB,29.834589,0.58265877,1.3911573383698495e-195,4.1844157861713914e-193,0.015942028985507246,0.02556247008137865,7
SLC25A5,29.698751,1.3747433,7.968990548955621e-194,2.3347072440764918e-191,0.0,0.0042125418860698895,7
CEACAM5,29.635357,2.149176,5.237497775257555e-193,1.5147783629748098e-190,0.002898550724637681,0.03417903303015797,7
SRI,29.560333,1.6962122,4.837127755069336e-192,1.3640095628326143e-189,0.0014492753623188406,0.014169459071325993,7
C12orf75,29.396389,2.7966785,6.10736161890334e-190,1.7009379106276597e-187,0.5782608695652174,0.43303015797032074,7
CA4,29.152983,3.1942837,7.657370474638989e-187,1.8982705553558344e-184,0.004347826086956522,0.02948779320248923,7
MYL12A,28.969383,1.4626247,1.5997515295470703e-184,3.9226950820709084e-182,0.527536231884058,0.16572522738152226,7
CD59,28.849428,2.3806438,5.1511177092856885e-183,1.2232006779344825e-180,0.0,0.0002872187649593107,7
SLC26A2,28.752518,2.6893797,8.424313277737678e-182,1.9796258670050445e-179,0.16376811594202897,0.16419339396840593,7
TMEM54,28.505009,1.7253604,1.0153826363866987e-178,2.3137390802270237e-176,0.0014492753623188406,0.004786979415988511,7
CEACAM6,28.504637,2.9735658,1.0262479273416665e-178,2.3151126992900658e-176,0.043478260869565216,0.08731450454763044,7
CYSTM1,28.500093,1.6327008,1.168292942761039e-178,2.6094574748263642e-176,0.036231884057971016,0.08693154619435137,7
TDP2,28.47488,2.5003402,2.3981567134342542e-178,5.303923264545425e-176,0.1391304347826087,0.22307324078506463,7
HIGD1A,28.366028,2.0827556,5.309767241118671e-177,1.1629421280815153e-174,0.3652173913043478,0.2385830540928674,7
ATP1B3,28.187332,2.336193,8.361426216446241e-175,1.7964325144458167e-172,0.0,0.0004786979415988511,7
CDA,28.149775,2.944537,2.411664047162768e-174,5.1325216264098945e-172,0.07246376811594203,0.1157491622786022,7
S100A10,28.124653,0.7769132,4.894290496843336e-174,1.0318719562456898e-171,0.9,0.7757778841550982,7
CD9,28.119284,1.4746696,5.692890937736367e-174,1.1891289505962473e-171,0.17681159420289855,0.17884155098133078,7
RPL36,28.48192,0.7239374,1.962029247244795e-178,4.4261417788595335e-174,0.0,0.0008558387219475085,8
RPS18,28.442156,0.68597627,6.092886651275094e-178,6.872471498305743e-174,0.0,0.00047546595663750473,8
RPL13,28.17801,0.762878,1.087726309910806e-174,8.179339275092623e-171,0.0016155088852988692,0.00047546595663750473,8
RPL37A,27.969826,0.7230536,3.784283950378903e-172,2.1342415409149417e-168,0.0016155088852988692,0.002187143400532522,8
RPS19,27.864258,0.7841627,7.236959901721012e-171,3.265171568458486e-167,0.0,0.0003803727653100038,8
RPS2,27.263103,0.877247,1.162188809471909e-163,4.3696362254794656e-160,0.46365105008077545,0.4609166983643971,8
RPL13A,27.057125,0.5838044,3.1489483918379675e-161,1.0148160967353244e-157,0.03231017770597738,0.024438950171167744,8
RPS15,26.925869,0.62640244,1.0936778574700114e-159,3.0840348483332485e-156,0.046849757673667204,0.060574362875618105,8
RPS9,26.801382,0.6778844,3.113637548784269e-158,7.804505495891591e-155,0.0032310177705977385,0.006085964244960061,8
RPS29,26.55441,0.61939037,2.2839303066501093e-155,5.152318378771981e-152,0.7495961227786753,0.7214720426017497,8
RPL35,26.539629,0.7792031,3.3834953250072158e-155,6.938933730621616e-152,0.19547657512116318,0.049258273107645495,8
RPL28,26.362183,0.54642147,3.7211894590158307e-153,6.995526083828177e-150,0.0016155088852988692,0.0008558387219475085,8
RPL31,26.336887,0.8449253,7.253749943850653e-153,1.2587488075640529e-149,0.014539579967689823,0.007702548497527577,8
HES1,26.275835,1.5898851,3.6228932017008653e-152,5.8377748383692735e-149,0.0032310177705977385,0.003518448079117535,8
RPL18A,26.215029,0.70916647,1.791203309319163e-151,2.6938503636620667e-148,0.0032310177705977385,0.0010460251046025104,8
RN7SK,26.071629,2.422926,7.650532542198008e-150,1.0786772726215303e-146,0.0,0.0005705591479650057,8
RPS11,25.74192,0.73751265,3.9699782744040417e-146,5.268161170134163e-143,0.008077544426494346,0.016260935717002663,8
RPS27,25.661776,0.6356905,3.1240999988436466e-145,3.9153651041063234e-142,0.03231017770597738,0.04089007227082541,8
RPL29,25.651651,0.6221364,4.052503899400081e-145,4.81160186666139e-142,0.0,0.00028527957398250285,8
RPL27A,25.504261,0.66781193,1.768014103690188e-143,1.9942315082573475e-140,0.0,0.0018067706352225181,8
RPL8,25.335865,0.5634872,1.2864640189621142e-141,1.3819686573222065e-138,0.11793214862681745,0.16736401673640167,8
RPL38,25.189163,0.7338334,5.265447549663309e-140,5.399237785129755e-137,0.0016155088852988692,0.008178014454165081,8
RPS21,25.044495,0.85208005,2.0044516133211044e-138,1.9660184323874256e-135,0.0016155088852988692,0.009033853176112591,8
RPL11,24.841984,0.5842326,3.156762496506913e-136,2.96722521494581e-133,0.0,0.00028527957398250285,8
RPS8,24.659115,0.83352345,2.9383867111681917e-134,2.6514826326897296e-131,0.03231017770597738,0.026245720806390264,8
TMSB10,24.642916,0.4813458,4.383427528407833e-134,3.803297754359704e-131,0.40226171243941844,0.25304298212248005,8
RPLP0,24.525349,0.7790642,7.92702248398556e-133,6.623174082082603e-130,0.07754442649434572,0.35346139216432104,8
SNHG5,24.276747,1.2587336,3.451696294790834e-130,2.780957739792372e-127,0.03877221324717286,0.06570939520730315,8
RPL41,24.119127,0.39839888,1.5749877653190847e-128,1.225177551649422e-125,0.0016155088852988692,0.010935717002662609,8
RPS12,24.05574,0.6606244,7.269430682598262e-128,5.466369558957806e-125,0.0,0.00028527957398250285,8
RPL37,23.80219,0.7534726,3.16986537851386e-125,2.3067417120611022e-122,0.03715670436187399,0.0699885888170407,8
RPLP2,23.769213,0.51675665,6.9548471520592e-125,4.902949903228234e-122,0.033925686591276254,0.05781666032712058,8
RPS16,23.73854,0.67336005,1.4430403332911361e-124,9.864711175368103e-122,0.012924071082390954,0.025675161658425257,8
MT-RNR1,23.60096,0.65542376,3.7676095695547314e-123,2.499808949399564e-120,0.0,0.0041841004184100415,8
S100P,23.57827,2.2174282,6.44073752023156e-123,4.1513313633972505e-120,0.0016155088852988692,0.03404336249524534,8
RPL10A,23.481432,0.99890876,6.313918180265242e-122,3.956546673016766e-119,0.0,0.014168885507797642,8
RPS28,23.476923,0.59246016,7.02047460953178e-122,4.2804023436872276e-119,0.3295638126009693,0.4486496766831495,8
RPS14,23.414713,0.52630246,3.026557476807028e-121,1.796739739981309e-118,0.024232633279483037,0.02814758463294028,8
RPL35A,23.387913,0.70926315,5.673103886804136e-121,3.2815269380106284e-118,0.0840064620355412,0.19427538988208445,8
RPS3,23.153494,0.5643504,1.3405780376845204e-118,7.560524988031273e-116,0.0,0.00028527957398250285,8
RPL18,22.93826,0.58371854,1.9299787059466267e-116,1.0619119421329257e-113,0.07269789983844911,0.1695511601369342,8
RPL7A,22.929928,0.7091138,2.3371539559583466e-116,1.2553299069634368e-113,0.0032310177705977385,0.004659566375047546,8
RPL12,22.852049,0.66332036,1.3944344261183062e-115,7.315592143907645e-113,0.06946688206785137,0.08548877900342336,8
RPS5,22.805756,0.78956854,4.020194873649e-115,2.0611721853329045e-112,0.048465266558966075,0.08586915176873336,8
PLA2G2A,22.72224,1.8759047,2.7007953795415953e-114,1.3539387326017522e-111,0.172859450726979,0.22052111068847471,8
RPL32,22.712288,0.68517727,3.387417098338952e-114,1.6612335287267045e-111,0.2407108239095315,0.24676683149486497,8
NUPR1,22.428688,1.9714161,2.0664282459533156e-111,9.918415914991669e-109,0.0,0.00047546595663750473,8
RPL36A,22.383598,1.1189073,5.686653378968203e-111,2.67260861616966e-108,0.11793214862681745,0.11278052491441613,8
RPS26,22.236084,0.5221718,1.5380612472497542e-109,7.081045648307593e-107,0.7948303715670436,0.7828071510079878,8
CYBA,22.118183,0.81749076,2.1126320752453047e-108,9.531773397091765e-106,0.10177705977382875,0.18324457968809432,8
LCN2,30.8867,3.4589303,1.8021684207716874e-209,4.065511740418849e-205,0.003669724770642202,0.0006610009442870633,9
HLA-DRA,27.414875,3.5174658,1.823336266242221e-165,2.056632141507913e-161,0.001834862385321101,0.00037771482530689327,9
CD74,27.212667,3.0060775,4.5994339603782665e-163,3.45862102373911e-159,0.001834862385321101,0.00047214353163361664,9
OLFM4,27.134926,3.5744545,3.814225851732586e-162,2.1511280247308853e-158,0.009174311926605505,0.0017941454202077432,9
IFITM3,26.350458,2.8610022,5.070784873161813e-153,2.2878367190731466e-149,0.001834862385321101,0.00028328611898016995,9
HLA-DRB1,23.695927,2.715343,3.971744182083281e-124,1.2799796714802391e-120,0.6770642201834862,0.44995278564683666,9
GPX2,21.910164,1.7395797,2.0783204428744347e-106,4.688483087080437e-103,0.01834862385321101,0.025212464589235126,9
HLA-DRB5,21.689783,3.4517748,2.5619092827359937e-104,5.2540101372037534e-101,0.07155963302752294,0.05920679886685552,9
PI3,20.821445,2.5011654,2.7670886918351235e-96,4.801750292239119e-93,0.01651376146788991,0.00538243626062323,9
PLA2G2A,19.90519,1.8371828,3.6690784232329693e-88,5.51804934331417e-85,0.7871559633027523,0.7197355996222852,9
DMBT1,19.189978,3.2946818,4.488333092838074e-82,4.402274184405831e-79,0.06605504587155964,0.05694050991501416,9
LEFTY1,18.846518,2.5792356,3.138332575313075e-79,2.8319057826595066e-76,0.0,0.0009442870632672333,9
SAA1,18.138111,3.5256798,1.5941596495784817e-73,1.3319499086978137e-70,0.003669724770642202,0.008309726156751653,9
PDZK1IP1,17.781902,2.1388817,9.760999818778735e-71,7.339946497060983e-68,0.009174311926605505,0.003210576015108593,9
HLA-DPA1,17.653809,2.902269,9.511869671273338e-70,6.921879610137266e-67,0.0,0.0012275731822474032,9
IDH2,17.324759,1.9126925,3.059791302327376e-67,1.9721666282629504e-64,0.0,0.0005665722379603399,9
SPINK1,16.927914,1.6927471,2.8013870334209427e-64,1.541377806998611e-61,0.06788990825688074,0.013125590179414542,9
CXCL1,16.902388,2.7721872,4.320466749406e-64,2.266637427903487e-61,0.08623853211009175,0.0380547686496695,9
NOX1,16.85164,2.619829,1.0204509970383826e-63,5.115634231597528e-61,0.001834862385321101,0.00018885741265344664,9
HLA-DQB1,16.749023,2.5992901,5.75639509339452e-63,2.762947168338021e-60,0.0,0.0017941454202077432,9
PSMB9,16.631294,1.9090159,4.1356941438721094e-62,1.8293553763060964e-59,0.3926605504587156,0.15288007554296507,9
CASP1,16.36378,2.4031668,3.4691920826122866e-60,1.449287114660196e-57,0.023853211009174313,0.006987724268177526,9
HLA-DMA,16.335958,2.6083198,5.476491022911646e-60,2.2061457318904254e-57,0.005504587155963303,0.008781869688385268,9
RCN1,16.14421,2.288988,1.2473403609682399e-58,4.936623018084653e-56,0.0,0.00028328611898016995,9
MLEC,16.143007,1.6499194,1.2718838843339286e-58,4.946970439084327e-56,0.07706422018348624,0.023984891406987723,9
PPA1,15.850604,1.479745,1.392358938578172e-56,4.9078477024039036e-54,0.381651376146789,0.25514636449480643,9
SOD3,15.561247,2.4916768,1.334725833090233e-54,4.301440009811795e-52,0.41467889908256883,0.33418319169027383,9
FERMT1,15.551696,1.9347453,1.549477121476603e-54,4.923190758224041e-52,0.1779816513761468,0.058356940509915016,9
LDHB,15.3272505,1.7340572,5.028270794759742e-53,1.5538734364244523e-50,0.005504587155963303,0.010670443814919736,9
SLPI,15.221641,1.6722133,2.5407875311685555e-52,7.603480447600784e-50,0.0,0.00028328611898016995,9
SLC12A2,14.917766,1.8404167,2.525911706065103e-50,7.034820021866995e-48,0.05688073394495413,0.06874409820585457,9
BACE2,14.823306,2.0122726,1.0355974991385795e-49,2.7811957122699065e-47,0.12477064220183487,0.05297450424929179,9
DUOX2,14.500984,2.134076,1.194248993341026e-47,3.0270857349191244e-45,0.09357798165137615,0.021435316336166195,9
NUPR1,14.487682,1.5555412,1.4495161581202577e-47,3.633292779003877e-45,0.005504587155963303,0.003871576959395656,9
IGKC,14.459138,2.2175457,2.195293721985147e-47,5.4421572609080143e-45,0.003669724770642202,0.033711048158640226,9
CXCL3,14.432774,1.68983,3.21873568362776e-47,7.892549813799851e-45,0.003669724770642202,0.013881019830028329,9
ASRGL1,14.406408,2.3225567,4.716040474877133e-47,1.1439694308898198e-44,0.6201834862385321,0.43286118980169974,9
PRAC1,14.396605,1.5755795,5.4348708514397505e-47,1.3043111865705247e-44,0.06972477064220184,0.025779036827195467,9
SYNGR2,14.202302,1.4610386,8.865213698160402e-46,2.061756245534026e-43,0.1614678899082569,0.18951841359773372,9
IFITM2,14.04962,1.6896031,7.744910253944913e-45,1.7298755487004288e-42,0.0,0.00028328611898016995,9
NME1,14.028283,1.5984852,1.0465475096493353e-44,2.3146142421744466e-42,0.3889908256880734,0.15259678942398489,9
REXO2,14.0130205,1.8775394,1.2976672492497482e-44,2.8421432500801037e-42,0.007339449541284404,0.004438149197355996,9
C1QBP,13.997709,1.5216554,1.6097530953053996e-44,3.491771161249472e-42,0.14678899082568808,0.08139754485363551,9
HLA-DPB1,13.898112,2.3945928,6.503397404693806e-44,1.3840579438913922e-41,0.163302752293578,0.07969782813975448,9
SCD,13.866446,2.5890098,1.0116678029663906e-43,2.1329171931886732e-41,0.4018348623853211,0.20840415486307837,9
PRDX4,13.831384,1.6835691,1.6481882308757216e-43,3.411144798194991e-41,0.30091743119266057,0.24362606232294617,9
TRIM2,13.776311,1.7648791,3.5390019493381006e-43,7.192463511271911e-41,0.0,0.00047214353163361664,9
B3GNT7,13.746838,1.7096623,5.320485267957742e-43,1.0716502424987384e-40,0.1889908256880734,0.10915958451369216,9
PSMA4,13.702115,1.3950789,9.860943758049047e-43,1.9686108870604286e-40,0.8954128440366973,0.7777148253068933,9
CD47,13.663363,1.7236445,1.6803851964455917e-42,3.2963312736187916e-40,0.326605504587156,0.17110481586402265,9
CA1,27.517075,2.9058788,1.0969281929375711e-166,2.474560310447867e-162,0.0,0.0008415934168692725,10
SFN,27.021029,2.0436153,8.368249849658728e-161,9.438967417922562e-157,0.0,0.00046755189826070694,10
CST3,25.986149,1.2157987,7.101885594760659e-149,5.3403812377401896e-145,0.0,0.0005610622779128483,10
FXYD3,25.092575,1.3683026,5.993715122644079e-139,3.3803054862931947e-135,0.0,0.0022442491116513932,10
AMN,25.001608,1.9194205,5.872212143356601e-138,2.6494246748396314e-134,0.0022675736961451248,0.00028053113895642415,10
CKB,23.414291,1.6859461,3.056591852357468e-121,1.1492275932888687e-117,0.6757369614512472,0.45221619599775575,10
FABP1,23.35032,1.5131332,1.3678333507800358e-120,4.408136080035262e-117,0.06802721088435375,0.023097063774078923,10
MUC12,23.06568,1.9728565,1.0239386340174154e-117,2.8873789555998594e-114,0.10884353741496598,0.05778941462502338,10
ITM2C,23.007317,1.256928,3.93793367152537e-117,9.870649521771201e-114,0.011337868480725623,0.005704133158780625,10
PHLDA2,22.780207,1.7060913,7.205003539301988e-115,1.6253767484311355e-111,0.9319727891156463,0.7144193005423602,10
MUC13,22.720165,1.9314065,2.8313599679987935e-114,5.806604501644071e-111,0.2471655328798186,0.04956050121563493,10
CEACAM7,22.665226,2.8608868,9.873796908863955e-114,1.8561915372255162e-110,0.0,0.0009351037965214139,10
PRSS3,22.588476,1.9700022,5.62556748686168e-113,9.762090533547126e-110,0.0045351473922902496,0.008228913409388442,10
SDCBP2,22.413334,2.2147024,2.9175541251428242e-111,4.7012216792212126e-108,0.0045351473922902496,0.0034598840471292314,10
GUCA2A,22.264244,2.5599442,8.209371138724027e-110,1.234634690123169e-106,0.0,0.0012156349354778381,10
CA2,22.19338,1.9199473,3.9792119628135635e-109,5.610440166819449e-106,0.0,0.0005610622779128483,10
S100P,22.133205,2.3998399,1.5142466996724832e-108,2.009405370465385e-105,0.0045351473922902496,0.016270806059472603,10
C19orf33,22.100683,1.3662709,3.1132619748536717e-108,3.9017820494846656e-105,0.015873015873015872,0.04142509818589864,10
KRT20,21.53106,2.2575102,7.969171158677095e-103,9.46192274571561e-100,0.0,0.00028053113895642415,10
CEACAM1,21.474253,2.6609313,2.710419755985039e-102,3.0572179637633245e-99,0.0,0.0017766972133906865,10
CLDN4,21.43112,0.99732774,6.8512734090562866e-102,7.359898896900037e-99,0.05442176870748299,0.16916027679072376,10
SEPP1,21.414183,2.546501,9.855870064862296e-102,1.010629876332857e-98,0.0045351473922902496,0.007948382270432017,10
FHL2,21.276619,2.331187,1.8694657322450598e-100,1.8336207588572305e-97,0.009070294784580499,0.008602954927997007,10
KRT19,21.20061,1.1110286,9.427011027005306e-100,8.860997573258862e-97,0.0,0.00028053113895642415,10
VSIG2,21.14458,1.9859909,3.0952677366013974e-99,2.7930457947996373e-96,0.022675736961451247,0.026743968580512437,10
ARL14,21.112883,1.9926698,6.056375229830839e-99,5.254837261913612e-96,0.2018140589569161,0.26379278099869086,10
GPRC5A,21.087519,2.3096492,1.0355389168039433e-98,8.652119416363021e-96,0.40589569160997735,0.335328221432579,10
TRIM15,20.916708,2.6698034,3.772806092507229e-97,3.039669022888235e-94,0.03854875283446712,0.06527024499719469,10
AOC1,20.769735,2.092043,8.130637936871378e-96,6.324795214409704e-93,0.0045351473922902496,0.010660183280344118,10
CYP3A5,20.595009,2.1868896,3.042321797757534e-94,2.2877245811870736e-91,0.0,0.00028053113895642415,10
CD177,20.590693,2.7712371,3.3257672218812955e-94,2.4201929922071014e-91,0.07709750566893424,0.06779502524780251,10
PLAC8,20.41432,2.2217336,1.2475589282582687e-92,8.794900582055713e-90,0.045351473922902494,0.05694782120815411,10
FTH1,20.302605,0.5866634,1.2194562995149635e-91,8.336277169926685e-89,0.009070294784580499,0.02562184402468674,10
IFI27,20.279924,1.5585965,1.934317892038139e-91,1.283419921367305e-88,0.0,0.004114456704694221,10
S100A16,20.272947,1.6395572,2.2289846467561855e-91,1.436676132747794e-88,0.0,0.03357022629511876,10
PLA2G2A,20.161505,1.9989047,2.132953941995725e-90,1.3365918882633769e-87,0.0022675736961451248,0.013839536188516926,10
ACTG1,20.103838,0.4324222,6.830235761275802e-90,4.164413203746508e-87,0.562358276643991,0.43706751449410886,10
TSPAN1,20.056517,1.7939017,1.770612204133346e-89,1.0511379135011618e-86,0.0022675736961451248,0.02898821769216383,10
SLC26A3,19.999567,2.5873048,5.555240720860739e-89,3.2133506518435233e-86,0.5260770975056689,0.1742098372919394,10
PHGR1,19.983143,0.72807705,7.72056648120286e-89,4.3542064812363825e-86,0.0,0.00028053113895642415,10
RHOC,19.9467,1.7987623,1.6011685359353435e-88,8.809941707845223e-86,0.1360544217687075,0.16532635122498598,10
PPDPF,19.834757,0.6807028,1.4923405892536365e-87,7.829235198365765e-85,0.0,0.004769029362259211,10
FTH1P10,19.721064,1.1503994,1.4220909389305483e-86,7.1290998869631645e-84,0.06802721088435375,0.08528146624275294,10
CYSTM1,19.471308,1.4379293,1.9229544704744904e-84,9.430419543355223e-82,0.05895691609977324,0.08481391434449224,10
AREG,19.368263,1.5291665,1.4300105222276509e-83,6.863746249134804e-81,0.19954648526077098,0.21862726762670656,10
COX6A1,19.311207,0.9523079,4.323438172988373e-83,2.031925869675931e-80,0.36961451247165533,0.2413502898821769,10
LMO7,19.291172,2.0888083,6.3713216513775846e-83,2.9332784721107537e-80,0.0,0.00046755189826070694,10
MT-ND3,19.205025,0.5510703,3.3595965376337244e-82,1.515782765849584e-79,0.12698412698412698,0.11249298672152609,10
DHRS9,19.201813,2.5868893,3.5739502268525096e-82,1.5808773170110934e-79,0.9138321995464853,0.7780998690854685,10
SRI,19.182125,1.4354638,5.2202978276793684e-82,2.264705744127286e-79,0.16780045351473924,0.1791658874135029,10
AQP8,31.70342,4.821722,1.3938120571910306e-220,3.144300619817246e-216,0.0,0.0008390826030206974,11
GUCA2A,31.475164,3.4576275,1.9002955461180966e-217,2.1434383612439073e-213,0.0,0.00046615700167816523,11
GUCA2B,31.034555,4.100561,1.8435950148402603e-211,1.3863219979927142e-207,0.0,0.0005593884020137983,11
SFN,30.625488,2.330807,5.604516851532681e-206,3.160807391343144e-202,0.0024449877750611247,0.00214432220771956,11
PRAP1,30.529877,3.272681,1.0461388292826753e-204,4.7199691699575744e-201,0.0,0.00037292560134253216,11
FTH1P10,30.095499,1.7572901,5.549207874021468e-199,2.048363449270745e-195,0.3765281173594132,0.46429237367145254,11
SRI,30.090992,2.099039,6.356019391327281e-199,2.048363449270745e-195,0.02444987775061125,0.024892783889614023,11
IL32,29.373823,2.688978,1.1862576377799803e-189,3.345098256334822e-186,0.09046454767726161,0.058642550811113185,11
CD9,29.230738,1.870902,7.891537614958756e-188,1.9780577450650508e-184,0.007334963325183374,0.005873578221144882,11
EMP1,28.962114,3.4810398,1.975137544471162e-184,4.455712786572494e-181,0.8166259168704156,0.7194667163900802,11
FTH1,28.912777,0.93680274,8.248655595107307e-184,1.691649287000234e-180,0.02689486552567237,0.05854931941077755,11
CRIP1,28.892418,3.241904,1.4867512387135574e-183,2.794968432844928e-180,0.0,0.0009323140033563305,11
AGPAT2,28.71182,2.3111923,2.7162730034427385e-181,4.7135694372819033e-178,0.0,0.008390826030206973,11
CLDN23,28.546888,3.22451,3.0701988800451995e-179,4.947186895352833e-176,0.004889975550122249,0.0034495618124184223,11
SLC26A3,28.27832,3.198392,6.386229788491716e-176,9.604463853238975e-173,0.004889975550122249,0.0010255454036919634,11
PRSS3,28.247875,2.345804,1.5114730433027505e-175,2.131082523991672e-172,0.0,0.0005593884020137983,11
TSPAN1,28.015833,2.276664,1.042225247465487e-172,1.3830329033867013e-169,0.004889975550122249,0.016222263658400148,11
SDCBP2,27.637312,2.6104658,3.9650483273615776e-168,4.969306956497213e-165,0.0,0.04195413015103487,11
CFL1,27.611906,0.78944737,8.006498427588474e-168,9.50624200147202e-165,0.0,0.00027969420100689915,11
RHOC,27.504375,2.3311737,1.55632005731671e-166,1.755451208650383e-163,0.0,0.0017713966063770278,11
PLAC8,27.377293,2.7720246,5.112096926149223e-165,5.491609264619063e-162,0.039119804400977995,0.16940145440984525,11
CLDN4,27.164873,1.193239,1.6897262667951335e-162,1.7326606751196098e-159,0.0024449877750611247,0.008017900428864442,11
DDAH2,27.145061,2.7934148,2.895749570698201e-162,2.840226720233944e-159,0.007334963325183374,0.008670520231213872,11
CA4,27.069817,3.703479,2.23250497236483e-161,2.098461652982425e-158,0.0,0.00027969420100689915,11
CLCA4,27.00798,3.7843518,1.1910328011431925e-160,1.0747403584395713e-157,0.0024449877750611247,0.027503263099011747,11
PKIB,26.99882,2.8461623,1.5258169126646558e-160,1.3238809128000758e-157,0.16625916870415647,0.2649636397538691,11
MYL12B,26.974722,1.5795016,2.926236341898851e-160,2.444924653218377e-157,0.5452322738386308,0.3302256199888122,11
FXYD3,26.828394,1.4574077,1.5074838096340095e-158,1.2145474021976293e-155,0.02689486552567237,0.06563490583628566,11
CDA,26.803858,3.4403749,2.913359536917579e-158,2.266292337700816e-155,0.0024449877750611247,0.0107216110385978,11
FABP1,26.541042,1.6526854,3.2587303458953478e-155,2.4504565957684384e-152,0.0,0.00027969420100689915,11
MS4A12,26.324202,3.324957,1.0135149890756085e-152,7.37544665759892e-150,0.1393643031784841,0.0654484430356144,11
MYL12A,26.21823,1.6136624,1.6468395592438688e-151,1.1609704255307012e-148,0.039119804400977995,0.057150848405743054,11
HLA-A,26.108591,0.8554894,2.9123955263288835e-150,1.9909312326804024e-147,0.007334963325183374,0.025638635092299085,11
PLAUR,25.9995,3.0981007,5.016878144254369e-149,3.328698648712774e-146,0.0024449877750611247,0.004008950214432221,11
EPCAM,25.937366,1.288068,2.524765190544261e-148,1.6273193695282282e-145,0.0,0.03347007272049226,11
PRDX6,25.866589,2.1562974,1.583412389502774e-147,9.922277804109188e-145,0.0,0.013891478650009323,11
MYL6,25.557741,0.71508634,4.5038733632959654e-144,2.746023762232262e-141,0.4034229828850856,0.4435017713966064,11
CLDN7,25.515417,1.2801815,1.329526020509101e-143,7.892836183332844e-141,0.004889975550122249,0.02880850270371061,11
BSG,25.421858,1.4786685,1.4458654628291136e-142,8.363404865631275e-140,0.27383863080684595,0.18487786686556032,11
CD177,25.358015,3.4136195,7.331529578423924e-142,4.134799393991632e-139,0.0,0.00027969420100689915,11
KRT20,25.338566,2.4816597,1.2012774969675391e-141,6.609663183924565e-139,0.1271393643031785,0.1655789669960843,11
SPINT2,25.180622,1.7384881,6.531198412266759e-140,3.5080310710077577e-137,0.004889975550122249,0.004568338616446019,11
RHOF,25.029358,3.1742382,2.929843238562043e-138,1.5370775260167707e-135,0.05134474327628362,0.08586611970911803,11
ARL14,25.012133,2.3427176,4.511372909186916e-138,2.3130013967806283e-135,0.06356968215158924,0.08456088010441917,11
CLTB,24.835196,1.7513318,3.737592035355578e-136,1.873696416124144e-133,0.21271393643031786,0.21806824538504568,11
LGALS3,24.655508,1.0887318,3.212201763133377e-134,1.5417885015856565e-131,0.33251833740831294,0.24314749207533098,11
HIST1H1C,24.550453,3.2388482,4.277126451268722e-133,2.010160325295231e-130,0.0024449877750611247,0.00037292560134253216,11
ANPEP,24.530079,3.5187755,7.05761151192565e-133,3.2492379203577707e-130,0.1295843520782396,0.11243706880477344,11
TM4SF1,24.501413,3.576151,1.4268119090878456e-132,6.4374899714225424e-130,0.863080684596577,0.7804400522095842,11
SULT1A1,24.185669,2.8426156,3.148502242936898e-129,1.3926874921257546e-126,0.11491442542787286,0.181148610852135,11
MUC2,28.592918,4.247307,8.228900636796743e-180,1.8563576946549774e-175,0.0027247956403269754,0.0007429420505200594,12
ITLN1,28.26758,4.5927143,8.655445595519562e-176,9.76290985946629e-172,0.0,0.0004643387815750371,12
SERPINA1,27.221079,4.230316,3.6572100335258076e-163,2.7501000382102894e-159,0.0,0.0005572065378900445,12
TFF3,26.831478,2.2589822,1.3875819380247978e-158,7.825615234975354e-155,0.005449591280653951,0.0020430906389301636,12
SPINK4,25.908287,4.1699953,5.371290185442456e-148,2.4234187058679274e-144,0.0,0.0003714710252600297,12
AGR2,25.430567,1.3151839,1.1582666255804256e-142,4.354889467744803e-139,0.6920980926430518,0.45319465081723626,12
REG4,24.880215,4.490793,1.218432976351937e-136,3.926661359074764e-133,0.02452316076294278,0.02488855869242199,12
SPDEF,23.582582,3.6041384,5.816874410749039e-123,1.6402858729010946e-119,0.06267029972752043,0.05971396731054978,12
NPDC1,23.54964,2.9938776,1.2660712840248843e-122,3.173478010701929e-119,0.008174386920980926,0.005850668647845468,12
LRRC26,22.966154,3.8652055,1.0161954335760672e-116,2.2924352786042498e-113,0.7983651226158038,0.7204680534918276,12
TPSG1,22.844643,4.412853,1.6520515819996537e-115,3.3880574216663807e-112,0.035422343324250684,0.05813521545319465,12
ST6GALNAC1,22.693409,3.0405853,5.204394161140636e-114,9.783827323430966e-111,0.0027247956403269754,0.0008358098068350668,12
ZG16,22.62587,2.7790408,2.411565212037586e-113,4.1848076629504544e-110,0.008174386920980926,0.008079494799405647,12
FCGBP,22.61782,2.7316658,2.8942849778199466e-113,4.6637267724742986e-110,0.0,0.00362184249628529,12
KLK1,22.122984,3.2295797,1.8993873900788303e-108,2.8565520088525558e-105,0.0027247956403269754,0.001114413075780089,12
FFAR4,21.260544,3.9910493,2.633439974442917e-100,3.712985773966111e-97,0.0027247956403269754,0.0004643387815750371,12
REP15,20.899967,4.1025877,5.358207032569972e-97,7.110340732220352e-94,0.02452316076294278,0.015508915304606241,12
GSN,20.570105,2.548207,5.085720728452375e-94,6.373820772953174e-91,0.09536784741144415,0.038540118870728085,12
TSPAN13,20.430792,2.710743,8.904605888487554e-93,1.0572579170441617e-89,0.0,0.0002786032689450223,12
RAB27A,19.736181,3.2448328,1.0545233359017058e-86,1.189449596730329e-83,0.0,0.0017644873699851412,12
LINC00261,19.395758,4.33171,8.380779791742246e-84,9.002952920091112e-81,0.23433242506811988,0.16223997028231799,12
DNAJC12,19.278276,4.289655,8.175509076977566e-83,8.383241330342586e-80,0.01907356948228883,0.007429420505200594,12
NUCB2,19.091763,2.996639,2.9562438018059615e-81,2.7787459968725282e-78,0.035422343324250684,0.007708023774145617,12
CREB3L1,18.940884,2.9652243,5.250855476452897e-80,4.7381619477320364e-77,0.0,0.0002786032689450223,12
FKBP11,18.92655,2.9421039,6.893134266060886e-80,5.980854458002597e-77,0.02452316076294278,0.02665304606240713,12
BCAS1,18.875708,2.5998378,1.8069038222852673e-79,1.509701604701235e-76,0.2016348773841962,0.2633729569093611,12
WFDC2,18.871166,2.2474797,1.9690666428640572e-79,1.5864347998703667e-76,0.5722070844686649,0.3301448736998514,12
CKAP4,18.78439,2.8547182,1.0134411608658166e-78,7.883523844128262e-76,0.09536784741144415,0.06315007429420505,12
MLPH,18.622513,3.0253174,2.110714579891162e-77,1.5871870069254909e-74,0.008174386920980926,0.010494056463595839,12
ZG16B,18.614273,2.6349623,2.4617728011311298e-77,1.791455890990876e-74,0.0,0.0002786032689450223,12
HPCAL1,18.605356,2.8408818,2.907524580848607e-77,2.0497139693551164e-74,0.09264305177111716,0.06732912332838038,12
ANG,18.547304,2.992105,8.574484521150526e-77,5.861569585231355e-74,0.1008174386920981,0.0549777117384844,12
TSTA3,18.491285,2.2509549,2.427033022987959e-76,1.6103364107525106e-73,0.06267029972752043,0.023681277860326894,12
S100P,18.391571,2.3084254,1.5346799622966904e-75,9.891670076986011e-73,0.01634877384196185,0.0035289747399702824,12
SLC50A1,18.325949,2.3981373,5.137798339465146e-75,3.219544242777618e-72,0.0,0.03333952451708767,12
LYZ,18.104551,3.2389596,2.933959143947633e-73,1.78884281968418e-70,0.0027247956403269754,0.0137444279346211,12
SMIM14,17.91859,2.1145375,8.444183227648626e-72,4.884418703398086e-69,0.6730245231607629,0.43415676077265974,12
LMAN1,17.812948,2.581881,5.6077027611164975e-71,3.1626041647006767e-68,0.07084468664850137,0.026467310549777117,12
OSTC,17.133604,2.2393343,8.332920086955985e-66,4.4757701009914305e-63,0.11716621253405994,0.19056463595839523,12
ASPH,17.11909,2.3950038,1.0693575601014477e-65,5.610148185657805e-63,0.0,0.0002786032689450223,12
SELM,17.092403,3.2015817,1.6905839533397161e-65,8.667700773497877e-63,0.3079019073569482,0.15926820208023773,12
KDELR2,16.856682,1.7064747,9.370512176152974e-64,4.697541870707443e-61,0.0027247956403269754,0.0046433878157503715,12
SPINK1,16.820824,1.8180065,1.7175524687477555e-63,8.423101335321873e-61,0.10626702997275204,0.0838595839524517,12
B3GNT6,16.800728,4.7260003,2.410711052877092e-63,1.1570900136564749e-60,0.2506811989100817,0.07810178306092125,12
ERLEC1,16.535124,2.4831734,2.04956101280181e-61,9.247209377559208e-59,0.3188010899182561,0.21443164933135214,12
SSR3,16.396034,2.066064,2.0413367192372776e-60,9.029512754759558e-58,0.22615803814713897,0.24712109955423478,12
KDELR3,16.360928,3.682173,3.6354225691703615e-60,1.5771441872675807e-57,0.0,0.0004643387815750371,12
PDIA3,16.172928,1.5280541,7.828719084975335e-59,3.3322278082633695e-56,0.1771117166212534,0.11088410104011887,12
SGSM3,16.12499,2.4237776,1.7028367149084772e-58,7.113758046596359e-56,0.8610354223433242,0.7808320950965825,12
HID1,16.057932,3.22596,5.030463074801478e-58,2.0633130273535736e-55,0.30517711171662126,0.17440564635958394,12
LCN2,23.854939,3.3121147,8.999220437609233e-126,2.0301341385202667e-121,0.0,0.0008338738070971926,13
MUC1,22.111032,2.5885468,2.475376969871288e-108,2.792101453166319e-104,0.0,0.000463263226165107,13
GPX2,22.091368,1.8932887,3.826391797011365e-108,2.8773190849593125e-104,0.0,0.0005559158713981284,13
OLFM4,21.21241,3.616823,7.335843093203941e-100,4.137232108489693e-96,0.008771929824561403,0.0019457055498934494,13
PLA2G2A,19.599947,2.1230083,1.547864639355485e-85,6.983655679844077e-82,0.0,0.0003706105809320856,13
SAT1,18.61755,0.9364351,2.3157127299296244e-77,8.706693912413731e-74,0.3742690058479532,0.46381914203650515,13
MUC5B,17.89797,2.311109,1.2229886450264347e-71,3.9413429775930485e-68,0.0029239766081871343,0.02557213008431391,13
HES1,17.732082,1.5039295,2.3709128012989168e-70,5.942824653833585e-67,0.04093567251461988,0.06040952469192996,13
ELF3,17.515995,0.98532254,1.0817934644016408e-68,2.4404178763436613e-65,0.005847953216374269,0.005929769294913369,13
CD74,17.185242,2.4157214,3.4251283992134097e-66,6.438955963154608e-63,0.5994152046783626,0.7269526544982859,13
SOX4,16.651064,2.1174655,2.972705021410782e-62,4.790089469857559e-59,0.049707602339181284,0.057629945334939314,13
METTL12,16.395866,2.624797,2.047010659424756e-60,3.078567564397538e-57,0.0,0.000926526452330214,13
RN7SK,16.250208,2.0777838,2.226085474103017e-59,3.1386413881431225e-56,0.04678362573099415,0.006856295747243584,13
DMBT1,15.356906,3.575125,3.184120309272453e-53,3.12306826334249e-50,0.0029239766081871343,0.0035208005188548134,13
PI3,15.219056,2.4235084,2.6431868472804873e-52,2.3851060835120207e-49,0.0,0.0012044843880292782,13
NUPR1,15.139315,1.7714053,8.913721363137925e-52,7.734024624270326e-49,0.0,0.0005559158713981284,13
SNORA76C,14.924381,2.1258445,2.287484570304701e-50,1.911235719314954e-47,0.029239766081871343,0.015380339108681553,13
GADD45GIP1,14.795868,1.530342,1.5576141509211904e-49,1.254936343951112e-46,0.02046783625730994,0.041045121838228484,13
HIST1H4C,14.600532,1.7030566,2.786629258532319e-48,2.167709291145882e-45,0.0,0.0002779579356990642,13
RABL6,14.512,1.9085182,1.0171049381437643e-47,7.648290099861726e-45,0.005847953216374269,0.0015750949689613638,13
MUC4,14.234685,1.8996695,5.58137065700232e-46,3.934691895353605e-43,0.195906432748538,0.1636245714815158,13
CYBA,14.227629,0.74360305,6.174007925374722e-46,4.2205892360160106e-43,0.0029239766081871343,0.00796812749003984,13
GSDMD,13.922164,1.6555917,4.646199634146153e-44,2.80480247331831e-41,0.0029239766081871343,0.008802001297137034,13
RP11-467L13.7,13.922028,1.9953476,4.655094967143565e-44,2.80480247331831e-41,0.0,0.0002779579356990642,13
CXCL3,13.920968,2.0683415,4.724610753406436e-44,2.80480247331831e-41,0.02631578947368421,0.026591309181877142,13
RRBP1,13.666873,1.0174965,1.6013035788059664e-42,9.262514726739434e-40,0.4766081871345029,0.2545168164551098,13
HEXIM1,13.615734,1.7257336,3.2288445801062346e-42,1.8209876220654137e-39,0.3888888888888889,0.3365144074863337,13
MAFB,13.587602,2.571209,4.7436915386793236e-42,2.610071644416265e-39,0.14035087719298245,0.061799314370425275,13
PKM,13.5627165,1.1719108,6.662259771910287e-42,3.495207399872655e-39,0.0,0.010747706847030483,13
STARD10,13.548329,1.3528233,8.105353578934314e-42,4.155651622435891e-39,0.0,0.0002779579356990642,13
TUBA1B,13.516149,0.9991394,1.2558109003092514e-41,6.295519577794757e-39,0.13157894736842105,0.06615398869637729,13
UQCRC1,13.410018,1.0281327,5.282595533415843e-41,2.5355334603899573e-38,0.1023391812865497,0.055035671268414715,13
ZFP36L2,13.092602,1.0946277,3.629582412527191e-39,1.605485287141194e-36,0.029239766081871343,0.024830908922449737,13
MUC12,12.9996195,1.3300565,1.2295350303363444e-38,5.233411462142942e-36,0.0029239766081871343,0.00398406374501992,13
TAPBP,12.4451,1.4440597,1.4869794865650615e-35,5.372061977594783e-33,0.011695906432748537,0.0328916890577226,13
ASS1,12.375218,1.5354333,3.5592629900400776e-35,1.2545845905049079e-32,0.0029239766081871343,0.013712591494487168,13
MRPL12,12.328052,1.1725097,6.39746364901039e-35,2.186672461485233e-32,0.37719298245614036,0.4440841286018716,13
JUN,12.019333,0.66765463,2.8123386673677947e-33,8.69089698591097e-31,0.04093567251461988,0.027517835634207358,13
SEC61A1,11.652196,1.7438903,2.2362110896936664e-31,6.077913972578244e-29,0.12280701754385964,0.19021588066339293,13
ASL,11.596196,1.2357758,4.308033189533056e-31,1.1569633419366217e-28,0.0,0.0002779579356990642,13
RND3,11.56469,1.3078521,6.221583395437602e-31,1.6512082331491394e-28,0.0935672514619883,0.16640415083850643,13
S100P,11.4068575,1.5424565,3.864406529776586e-30,9.795185045531462e-28,0.008771929824561403,0.004447326971185027,13
EIF3J,11.360135,1.3504455,6.60422213311619e-30,1.6553849677885347e-27,0.18128654970760233,0.08153432780505883,13
STAT3,11.029272,1.4560105,2.760896076465367e-28,6.487818186352313e-26,0.08187134502923976,0.08385064393588437,13
DUOX2,10.980185,2.6673944,4.759525311319222e-28,1.0956135867147991e-25,0.25146198830409355,0.2168071898452701,13
PIGR,10.830741,0.6644321,2.4615531412741557e-27,5.339440126346508e-25,0.2573099415204678,0.24608542573890485,13
RP13-516M14.4,10.743559,2.951517,6.354621594586759e-27,1.3523953637007801e-24,0.0,0.000463263226165107,13
YME1L1,10.623684,1.4054977,2.3125177062194357e-26,4.699827651766148e-24,0.19298245614035087,0.11053460576299454,13
BTG1,10.599225,0.76456016,3.0046011691899825e-26,6.051856944264002e-24,0.8011695906432749,0.7829148522190309,13
NDUFB7,10.541679,0.6410475,5.549906550008459e-26,1.0982486128214107e-23,0.21929824561403508,0.177429815621236,13
CD74,28.24891,4.253448,1.4678811003589552e-175,3.3113929742997668e-171,0.0,0.0008300285898736512,14
CD79A,26.390045,11.0432005,1.782603315974359e-153,2.0106874102532782e-149,0.0,0.00046112699437425065,14
HLA-DRA,25.869873,5.0235186,1.454262900904133e-147,1.0935572260498776e-143,0.0,0.0005533523932491008,14
HLA-DPB1,25.649727,6.0939384,4.2577866145566194e-145,2.4012852059445695e-141,0.0,0.0022134095729964033,14
HLA-DPA1,25.459883,5.781808,5.487133572800733e-143,2.0630707711468624e-139,0.0,0.00036890159549940053,14
CD37,24.549175,5.5875077,4.41356249691417e-133,8.297129697323896e-130,0.18493150684931506,0.4685050262842387,14
HLA-DQB1,24.174349,5.67809,4.141704033157918e-129,7.187130868000729e-126,0.0136986301369863,0.025177533892834086,14
EEF1A1,24.063501,0.9005067,6.029265227473276e-128,9.067612951104643e-125,0.003424657534246575,0.06132989025177534,14
CXCR4,23.974617,5.7033925,5.117433619893974e-127,7.2152615644492605e-124,0.0,0.006086876325740109,14
HLA-DQA1,23.90444,7.7555614,2.753891789242062e-126,3.45139138186176e-123,0.339041095890411,0.7333763718528082,14
HLA-DRB1,23.58673,3.9047732,5.274065074984356e-123,5.948881701328604e-120,0.0,0.05893202988102923,14
LAPTM5,23.480698,5.2677917,6.42401468439323e-122,6.300841185444647e-119,0.003424657534246575,0.0008300285898736512,14
RPSA,23.024181,1.3813769,2.6692351950698903e-117,2.1505455987707734e-114,0.010273972602739725,0.008023609702111962,14
RPL7,22.6694,1.2262784,8.981252290940627e-114,6.753602347710987e-111,0.003424657534246575,0.003504565157244305,14
RPL3,22.472277,0.9586336,7.7513737974036475e-112,5.298886105928148e-109,0.0,0.0011989301853730517,14
RPL10,22.29923,0.76011664,3.7590821840960875e-110,2.422889571172104e-107,0.003424657534246575,0.00046112699437425065,14
RPS25,22.254604,1.153686,1.0178906484737885e-109,6.378498649700054e-107,0.017123287671232876,0.015770543207599373,14
RPL15,22.031404,1.0651461,1.4403530197271306e-107,8.781871289736308e-105,0.0410958904109589,0.04039472470718436,14
RPL23A,21.953802,0.9631314,7.965368599525529e-107,4.728703953597274e-104,0.0,0.0002766761966245504,14
RPS7,21.796713,1.313551,2.4928752817556782e-105,1.4419685507981113e-102,0.0,0.0017522825786221526,14
RPL5,21.665756,1.4714682,4.317580068054377e-104,2.435007218880967e-101,0.1917808219178082,0.1638845338006087,14
RPSAP58,21.641932,2.1250277,7.240707728390189e-104,3.9839786742623e-101,0.0,0.008023609702111962,14
RPS27A,21.611012,0.85828596,1.4151554174215306e-103,7.601069300383884e-101,0.0,0.008853638291985613,14
MS4A1,21.589998,11.087238,2.2302077689758955e-103,1.1700292339610983e-100,0.0,0.0002766761966245504,14
RPS3A,21.588837,1.0816271,2.286999522510509e-103,1.172555050643513e-100,0.0,0.02729871806695564,14
RPL9,21.538897,0.95185983,6.72912540897578e-103,3.373385335579658e-100,0.06164383561643835,0.2667158535460666,14
RPS4X,21.480286,0.95714027,2.3803938299366316e-102,1.167376182816097e-99,0.3116438356164384,0.3388361154661994,14
RPS13,21.342762,1.1624535,4.552486621465601e-101,2.0959090957886224e-98,0.003424657534246575,0.065848934796643,14
RPS20,21.312542,1.2346137,8.684807420377794e-101,3.7818337859584955e-98,0.0410958904109589,0.009591441482984414,14
RPL4,21.27833,1.6427935,1.8024790760018698e-100,7.672099146325694e-98,0.0,0.0002766761966245504,14
TSC22D3,21.242651,3.9182913,3.855085787562696e-100,1.61049778299309e-97,0.0,0.06999907774601125,14
B2M,21.188063,0.87102497,1.2305905774951894e-99,5.047435061402542e-97,0.00684931506849315,0.05782532509453103,14
RPS6,21.12363,0.9283219,4.824094387445352e-99,1.9433347372567803e-96,0.003424657534246575,0.025546435488333488,14
NACA,20.963646,1.3709291,1.4087275495667268e-97,5.479221515633757e-95,0.003424657534246575,0.003965692151618556,14
RPL19,20.877676,0.7680545,8.544792732600348e-97,3.2671521907581567e-94,0.05136986301369863,0.03172553721294845,14
HNRNPA1,20.745346,1.4587168,1.3505118623871994e-95,5.077699517265472e-93,0.02054794520547945,0.013188232039103569,14
CD52,20.678165,4.696571,5.447346316711178e-95,2.0145358288309418e-92,0.1643835616438356,0.44950659411601956,14
RPL21,20.649265,0.8194898,9.911459483736145e-95,3.606332491832318e-92,0.023972602739726026,0.02803652125795444,14
CD83,20.645235,5.735048,1.07737725798963e-94,3.8578656449187394e-92,0.010273972602739725,0.19293553444618647,14
RPS23,20.463997,0.93023664,4.5086113194901325e-93,1.5892150430684047e-90,0.0,0.0002766761966245504,14
RPL26,20.382326,0.8483369,2.3997628729900746e-92,8.328653946428167e-90,0.14726027397260275,0.1646223369916075,14
RPS15A,20.112444,0.8788153,5.742398055353761e-90,1.9627690565261438e-87,0.0,0.004703495342617357,14
NAP1L1,19.854967,3.0297549,9.982640183920968e-88,3.2637446363633786e-85,0.0273972602739726,0.08613852254911003,14
RPL39,19.816172,0.94571257,2.159271627381127e-87,6.860705442548007e-85,0.07534246575342465,0.08401733837498847,14
GNB2L1,19.764395,0.8442384,6.031689738253518e-87,1.8898456778508488e-84,0.09931506849315068,0.22106428110301576,14
RPL27,19.69324,0.9480945,2.4641518160221532e-86,7.614904221595035e-84,0.05821917808219178,0.25149866273171634,14
RPS10,19.686579,0.96590847,2.810371851851613e-86,8.56745656836764e-84,0.0,0.00046112699437425065,14
UBE2Q2P6,19.63402,1.8393532,7.919393629756446e-86,2.350705274916785e-83,0.017123287671232876,0.11565065018906207,14
FAU,19.54935,0.6120226,4.1780326792617726e-85,1.2240550546943679e-82,0.3561643835616438,0.7949829383012081,14
EEF1B2,19.546528,1.2902479,4.41567360881482e-85,1.2770920633494041e-82,0.14383561643835616,0.17965507700820807,14
CA7,22.386957,6.8664308,5.273830444517081e-111,1.1897234099786083e-106,0.0,0.0008224435712327515,15
CA4,21.281158,4.2120624,1.6969679480508364e-100,1.914094997003941e-96,0.0,0.00045691309512930643,15
BEST4,20.831087,7.6178703,2.2626683274540847e-96,1.7014511599678898e-92,0.0,0.0005482957141551677,15
OTOP2,20.01579,7.82532,4.012236253362198e-89,2.2628009409899454e-85,0.0,0.0021931828566206708,15
GUCA2A,18.513752,3.0984116,1.5996259003012172e-76,7.217192136979032e-73,0.0,0.0003655304761034451,15
HES4,18.296682,3.6599534,8.794495050856036e-75,3.306583564204355e-71,0.34375,0.463127113223065,15
MT1G,18.26253,2.5229614,1.6448880143700988e-74,5.301004102310723e-71,0.015625,0.02503883761308599,15
LYPD8,18.017763,3.9568882,1.413431684505863e-72,3.9857006713459704e-69,0.046875,0.06003838069999086,15
SPIB,16.954224,5.387253,1.791118546649042e-64,4.4895381437617484e-61,0.0,0.006031252855706845,15
MT2A,16.43851,2.3277404,1.0138060379720313e-60,2.2870450410611054e-57,0.65625,0.7242072557799506,15
S100A10,15.211778,0.8448375,2.9541256519348993e-52,6.058374598363582e-49,0.06770833333333333,0.057205519510189165,15
MDK,14.828457,2.748391,9.591190366056689e-50,1.8030638622322736e-46,0.0,0.0009138261902586129,15
PHLDA2,14.767832,1.6087068,2.3618980657613926e-49,4.0986198819624046e-46,0.0,0.008224435712327515,15
GUCA2B,14.691931,3.1291924,7.261467423379211e-49,1.1700817400286546e-45,0.0,0.00356392214200859,15
KRT8,14.636956,0.85459393,1.6321393443587838e-48,2.3791322483511694e-45,0.0,0.0011879740473361967,15
MT1H,14.634691,3.8282757,1.6874026319260033e-48,2.3791322483511694e-45,0.0,0.0005482957141551677,15
SDCBP2,14.379076,2.0809271,7.00226924789269e-47,9.2920112919536e-44,0.005208333333333333,0.015991958329525723,15
KRT20,14.2689,2.1302264,3.4193091769568165e-46,4.2853442068316015e-43,0.010416666666666666,0.04093941332358585,15
FXYD3,13.977412,1.1972826,2.1413260411028366e-44,2.542430219012573e-41,0.0,0.00027414785707758385,15
TMSB10,13.857452,0.53378606,1.1467258665746546e-43,1.2934494412028817e-40,0.0,0.0017362697614913642,15
CKB,13.738738,1.5359426,5.9504217204673036e-43,6.392169694858186e-40,0.109375,0.16558530567486063,15
CST3,13.107129,0.9892672,2.997306343867262e-39,3.0734651732409805e-36,0.005208333333333333,0.007858905236224071,15
SRI,12.739084,1.3252482,3.585779227494635e-37,3.5170258083935418e-34,0.03125,0.008224435712327515,15
HSPB1,12.686352,1.2133867,7.0389238568841055e-37,6.6162951369770215e-34,0.0,0.00027414785707758385,15
PPDPF,12.613632,0.6964526,1.7761409050162012e-36,1.6027185070504196e-33,0.109375,0.025130220232111852,15
ITM2C,12.591677,1.0586509,2.346368706496848e-36,2.0358358326870153e-33,0.8854166666666666,0.2503883761308599,15
FTL,12.500761,0.6601756,7.394036187638432e-36,6.177854161367978e-33,0.5260416666666666,0.33482591611075574,15
LGALS3,12.488622,0.88840705,8.613256250543849e-36,6.939515991286383e-33,0.057291666666666664,0.06433336379420634,15
FABP1,12.357282,1.2922237,4.4494937536392334e-35,3.4612458478740507e-32,0.0,0.01060038380699991,15
MT1M,12.237661,2.4634356,1.9558748559108463e-34,1.4707526958164262e-31,0.0,0.00027414785707758385,15
FTH1,12.02049,0.5259406,2.7732334825144947e-33,2.018108842969177e-30,0.08333333333333333,0.06789728593621493,15
S100A6,11.851465,0.53782743,2.114610867871753e-32,1.4907345802599649e-29,0.026041666666666668,0.05702275427213744,15
FRMD1,11.800974,3.1838284,3.8581965952205446e-32,2.637486575502432e-29,0.015625,0.025130220232111852,15
MT1E,11.748298,1.5439886,7.205595482381158e-32,4.780912602559898e-29,0.0,0.0040208352371378965,15
CYSTM1,11.714101,1.2666923,1.0793026650093551e-31,6.956568234270298e-29,0.0,0.0328063602302842,15
SEPW1,11.668139,1.3155062,1.854351283474477e-31,1.1620086278861313e-28,0.0,0.01361601023485333,15
CLDN4,11.566636,0.8124424,6.082083824123869e-31,3.7082629456327126e-28,0.3958333333333333,0.4428401717993238,15
C19orf33,11.471044,1.1080709,1.8442117636013627e-30,1.0948308730285036e-27,0.0,0.028419994517042857,15
TMEM176A,11.465699,1.7179077,1.9616885002974362e-30,1.1347110481592272e-27,0.03125,0.1908982911450242,15
CLDN3,11.303956,0.8377169,1.25437713516634e-29,7.074373448054367e-27,0.0,0.00027414785707758385,15
MYL6,11.300717,0.4815638,1.3015084216057346e-29,7.161153288537504e-27,0.09895833333333333,0.16531115781778305,15
PCSK1N,11.258096,5.1198206,2.112745982121026e-29,1.134796109777815e-26,0.0,0.004660513570318926,15
ACTG1,11.234169,0.29820165,2.7708737606239065e-29,1.4536777015329e-26,0.046875,0.08525998355112857,15
GSN,11.198557,1.9448446,4.144274100320145e-29,2.1247881688436852e-26,0.015625,0.08498583569405099,15
MT1F,11.129665,2.443475,8.997231804392875e-29,4.5104122727844195e-26,0.14583333333333334,0.21913552042401535,15
C4orf48,11.100656,1.5296912,1.2452775197903518e-28,6.107003384554466e-26,0.17708333333333334,0.24764689756008407,15
PHGR1,10.893799,0.62785774,1.2338354459220056e-27,5.922147622245643e-25,0.0,0.00045691309512930643,15
KRT19,10.843059,0.9551719,2.1515456456700103e-27,1.0111816295972866e-24,0.07291666666666667,0.1137713606871973,15
CARD16,10.540577,2.3851683,5.615352543453568e-26,2.5852395515871236e-23,0.7291666666666666,0.7844284017179932,15
CEACAM6,10.391595,2.1166275,2.7078767040374755e-25,1.2217398113276283e-22,0.13020833333333334,0.1795668463858174,15
PPIA,13.0950985,1.0539188,3.512190939328427e-39,1.9807878850077495e-35,0.0,0.0008181074447777475,16
H3F3A,12.785836,0.8330324,1.9673505090884973e-37,8.876292026905481e-34,0.007462686567164179,0.00036360330879011,16
RPL7,12.20734,0.910014,2.8402229499012473e-34,8.009073690852779e-31,0.0,0.000545404963185165,16
RPS7,11.839206,1.1297604,2.4476066305287223e-32,5.019596179827041e-29,0.007462686567164179,0.0020907190255431323,16
NPM1,11.76461,1.7009667,5.939981033353238e-32,9.571430866529693e-29,0.0,0.00036360330879011,16
LRRC75A-AS1,11.6986265,1.4058449,1.2953247206688224e-31,1.948082024904531e-28,0.11194029850746269,0.46532133442414325,16
NACA,11.599145,1.08949,4.162181773004563e-31,5.8684161635756215e-28,0.007462686567164179,0.02508862830651759,16
HMGB1,11.485602,1.3367028,1.5584454167847754e-30,1.953165008735986e-27,0.007462686567164179,0.06044905008635579,16
HMGN2,11.470462,1.719335,1.8566501718888847e-30,2.2044300646127027e-27,0.0,0.0059994545950368145,16
TUBB,11.373602,2.257887,5.660232135931944e-30,6.1887726631483504e-27,0.30597014925373134,0.7281156258521952,16
RPS6,11.332452,0.74210674,9.063133534293248e-30,9.293419518187336e-27,0.014925373134328358,0.057903826924825014,16
RPL5,11.307348,1.1553898,1.2068174161193852e-29,1.1836780039233568e-26,0.0,0.000909008271975275,16
RPL6,11.296061,1.0425116,1.372375446265961e-29,1.2899757371797421e-26,0.0,0.008181074447777475,16
H2AFZ,11.257641,1.5580634,2.123677705003427e-29,1.9163218138868925e-26,0.0,0.0035451322607035723,16
RAN,11.203675,1.7619491,3.911621173311542e-29,3.2682319277309287e-26,0.0,0.0011817107535678575,16
RANBP1,11.169649,2.2849176,5.74071651692248e-29,4.4656835829398014e-26,0.0,0.000545404963185165,16
EIF3E,11.055269,2.0010357,2.0671527772357063e-28,1.5042870806987193e-25,0.007462686567164179,0.01590764475956731,16
MGST1,11.021744,1.6505984,3.0018724899734383e-28,2.1162262969159625e-25,0.06716417910447761,0.04008726479410963,16
STMN1,10.9392805,3.2365582,7.479072689396036e-28,5.112739418184399e-25,0.0,0.0002727024815925825,16
RPL4,10.900321,1.3070259,1.1485175775836162e-27,7.402688009345371e-25,0.0,0.0017271157167530224,16
RPS4X,10.83992,0.66125715,2.226652378620699e-27,1.3953069724806764e-24,0.21641791044776118,0.1639850922643396,16
LDHB,10.811991,2.304909,3.0204224074927187e-27,1.8055618639388e-24,0.0,0.007908371966184892,16
TUBA1B,10.811356,1.1660155,3.041418096089117e-27,1.8055618639388e-24,0.0,0.00872647941096264,16
RPL26,10.658326,0.6486825,1.594403845979956e-26,8.772721063771178e-24,0.007462686567164179,0.000181801654395055,16
HNRNPA1,10.651635,1.0939386,1.7132919696811477e-26,9.202417510485003e-24,0.014925373134328358,0.026724843196073083,16
SUMO2,10.645497,1.6582463,1.8300396173213363e-26,9.526790613975103e-24,0.14925373134328357,0.26270339060085446,16
UQCRH,10.644078,0.9490006,1.8581443637346713e-26,9.526790613975103e-24,0.11194029850746269,0.3408781019907281,16
RPSA,10.638887,0.8851547,1.964619943515329e-26,9.848858067947179e-24,0.029850746268656716,0.06463048813744206,16
RPL17,10.613864,1.3207176,2.5689932555831162e-26,1.2598678011456416e-23,0.007462686567164179,0.010453595127715662,16
PTMA,10.499538,0.4216092,8.68033374441704e-26,4.166375509368171e-23,0.0,0.0002727024815925825,16
RPS3A,10.430662,0.76288193,1.7963233268811086e-25,8.27005263900223e-23,0.014925373134328358,0.06881192618852831,16
C1QBP,10.405518,2.0845256,2.339808509389906e-25,1.055674803266538e-22,0.04477611940298507,0.056631215344059634,16
RPL22,10.303872,1.043116,6.768078744690799e-25,2.9937468314015634e-22,0.029850746268656716,0.024906826652122533,16
UQCRB,10.279918,0.9300416,8.680180589005679e-25,3.7656960366803677e-22,0.0,0.00399963639669121,16
SNRPE,10.2164345,2.1312416,1.673841581517559e-24,6.9926281921212255e-22,0.014925373134328358,0.032451595309517314,16
RPS24,10.162726,0.6547864,2.9082929593097035e-24,1.1928760158012292e-21,0.0,0.013544223252431598,16
EEF1A1,10.068908,0.4605582,7.581532055186612e-24,2.9488238212578414e-21,0.27611940298507465,0.44405054085992185,16
RPL39,10.031894,0.6938333,1.103784440116378e-23,4.220385285522944e-21,0.03731343283582089,0.027815653122443416,16
RPS17L,9.9968815,0.8002923,1.5727199519117112e-23,5.913164899196049e-21,0.029850746268656716,0.19007362967003,16
SNRPG,9.92153,1.454932,3.355741711273939e-23,1.2210028591069159e-20,0.0,0.0002727024815925825,16
RPL9,9.9080105,0.63639474,3.8421894957856814e-23,1.3758087751655425e-20,0.16417910447761194,0.16416689391873465,16
YBX1,9.82471,0.85814136,8.812718860633471e-23,3.012214011773189e-20,0.007462686567164179,0.004545041359876375,16
RPL36A,9.818397,1.0717639,9.382355027640531e-23,3.122209650175824e-20,0.05223880597014925,0.08499227342968821,16
PTGES3,9.818086,1.4482303,9.411332781238353e-23,3.122209650175824e-20,0.09701492537313433,0.0836287610217253,16
ENO1,9.711087,1.0596316,2.704363926919754e-22,8.715392261054676e-20,0.16417910447761194,0.21852558858285612,16
LSM5,9.691715,2.0745308,3.2698968825609286e-22,1.0245222746346109e-19,0.12686567164179105,0.24788655576765747,16
RPL23,9.638006,0.9396169,5.525044941950209e-22,1.6618598512727304e-19,0.007462686567164179,0.00036360330879011,16
ATP5G1,9.627205,1.221741,6.13760130027055e-22,1.8218177333263594e-19,0.014925373134328358,0.11426233978729207,16
RPS25,9.579634,0.7211326,9.738962666538197e-22,2.8166828050568614e-19,0.6940298507462687,0.7845650395418599,16
RPL3,9.480394,0.59514844,2.533230099790489e-21,6.969163148923615e-19,0.11194029850746269,0.1795291337151168,16
PCSK1N,18.18389,7.66891,6.924457486176197e-74,1.5620883643064884e-69,0.016666666666666666,0.0006354970494779846,17
SCGN,16.797983,10.142261,2.5248778775342963e-63,2.8479360019648097e-59,0.0,0.00045392646391284613,17
TUBA1A,16.655048,5.6306367,2.781171160404169e-62,2.091348006918588e-58,0.008333333333333333,0.00045392646391284613,17
CPE,15.935542,7.8026233,3.590751101299075e-57,2.025093852355146e-53,0.0,0.0021788470267816613,17
MS4A8,15.920238,6.555594,4.586315140978483e-57,2.069253665306672e-53,0.0,0.00036314117113027687,17
SCG5,15.631287,8.065142,4.457087458365285e-55,1.6757905995543744e-51,0.425,0.46146164321379934,17
FEV,15.548599,10.421527,1.626239751076995e-54,5.240906077792276e-51,0.025,0.024875170222423967,17
CRYBA2,15.348218,8.932143,3.6404865097520353e-53,1.026571689668702e-49,0.041666666666666664,0.060009078529278254,17
INSM1,15.071917,10.309782,2.478194186766559e-51,5.590558265926681e-48,0.016666666666666666,0.00581025873808443,17
CHGA,14.956536,7.848478,1.4118632939750397e-50,2.450017234521763e-47,0.5916666666666667,0.7244666364049024,17
MDK,14.3104515,3.1134224,1.8828713032634756e-46,3.0339781235943393e-43,0.041666666666666664,0.05755787562414889,17
PAM,13.8997965,5.8339863,6.352211343712348e-44,8.956220981425429e-41,0.0,0.0009078529278256923,17
RAB3B,13.497692,7.1742682,1.6135182553042127e-41,2.1411387247886904e-38,0.008333333333333333,0.00807989105764866,17
PTMS,13.254768,2.8461292,4.234242837925626e-40,5.3066824544869e-37,0.0,0.0035406264185201997,17
CACNA1A,12.86487,9.731477,7.096099071014693e-38,8.425310470685287e-35,0.0,0.0011802088061733998,17
MIR7-3HG,12.859102,9.408231,7.64591141797619e-38,8.624205783906243e-35,0.0,0.0005447117566954153,17
KCTD12,12.519957,4.279127,5.8066717172744044e-36,6.237747965237776e-33,0.025,0.015705855651384475,17
MARCKSL1,12.243883,2.2416992,1.8115317377925231e-34,1.776797585776588e-31,0.16666666666666666,0.03903767589650477,17
NGFRAP1,12.105576,3.052047,9.867505795670882e-34,9.275044301855808e-31,0.008333333333333333,0.00018157058556513844,17
SYT13,12.00113,5.1680007,3.504759807938396e-33,2.9282917224919366e-30,0.075,0.0009078529278256923,17
GCH1,11.811043,3.8040497,3.422897058631883e-32,2.7577548123455946e-29,0.3,0.1631411711302769,17
EGR3,11.443102,5.313738,2.5461665295208655e-30,1.5524046145800324e-27,0.025,0.007625964593735815,17
QPCT,11.331448,5.3549395,9.167701071891369e-30,5.302927396943523e-27,0.016666666666666666,0.008533817521561507,17
UCP2,11.246447,3.724974,2.411103431846708e-29,1.3266361541226802e-26,0.0,0.00027235587834770767,17
CHGB,11.131338,9.310071,8.83002625420871e-29,4.632478192295216e-26,0.008333333333333333,0.026781661370857923,17
SMIM6,10.60012,3.1942284,2.975990161761717e-26,1.289136746932868e-23,0.11666666666666667,0.2629142078983205,17
NKX2-2,10.5007715,8.81295,8.567697556393329e-26,3.579234984716243e-23,0.26666666666666666,0.33890149795733093,17
TTR,10.331584,8.590501,5.07160370704885e-25,1.9391577631748304e-22,0.03333333333333333,0.06454834316840671,17
GUCY2C,10.305459,3.4757297,6.65733868614921e-25,2.503048390347334e-22,0.0,0.01053109396277803,17
HMGN3,10.257048,2.5398126,1.1001872398881138e-24,4.068708843382944e-22,0.0,0.00027235587834770767,17
NEUROD1,10.212263,10.838738,1.7474021614599477e-24,6.35800731618951e-22,0.008333333333333333,0.06881525192918747,17
SLC29A4,10.063163,6.6045604,8.037402923681755e-24,2.833058946177136e-21,0.05,0.05655923740354063,17
C2CD4B,9.972394,4.9644604,2.0131589588679714e-23,6.7783362616571e-21,0.06666666666666667,0.02451202905129369,17
VGF,9.914604,6.7640905,3.5967873362336954e-23,1.1759409495376223e-20,0.008333333333333333,0.0039037675896504767,17
HOXB9,9.871333,3.210833,5.542305768883298e-23,1.7365121644477544e-20,0.05,0.032047208352246934,17
QDPR,9.669339,3.5870214,4.069985781088767e-22,1.1476851154447685e-19,0.0,0.013527008624602814,17
HEPACAM2,9.603083,3.548569,7.758822723858707e-22,2.1608800225620811e-19,0.35,0.44303222877893783,17
KIAA1324,9.597972,3.1737306,8.153270988224959e-22,2.2430443929678886e-19,0.058333333333333334,0.027598729005901042,17
DDC,9.486604,3.2864447,2.386850759913205e-21,6.410115034866904e-19,0.025,0.18992283250113481,17
BTG2,9.484976,1.4527601,2.4243920526276026e-21,6.434336507673657e-19,0.0,0.00027235587834770767,17
RFX3,9.442319,5.546983,3.646204700110772e-21,9.347128617022603e-19,0.20833333333333334,0.1636858828869723,17
GCLC,9.383329,3.519337,6.392182926892311e-21,1.6022361627529294e-18,0.008333333333333333,0.004539264639128461,17
SEC11C,9.375077,2.258163,6.912494646717105e-21,1.7136150190691338e-18,0.16666666666666666,0.08370403994552883,17
MYL6B,9.3440695,3.0889719,9.270089540761854e-21,2.2486446231187814e-18,0.08333333333333333,0.08379482523831139,17
SCG3,9.270047,10.71594,1.8606321189801753e-20,4.4183157865340816e-18,0.30833333333333335,0.21688606445755787,17
PCSK1,9.228375,8.185811,2.7476824855190526e-20,6.456767624044198e-18,0.08333333333333333,0.24820699046754427,17
RAB26,9.219924,4.743815,2.9731196216949764e-20,6.914495417094533e-18,0.0,0.00045392646391284613,17
IGFBP2,9.1678295,2.1354766,4.826377675968991e-20,1.1110025917569844e-17,0.058333333333333334,0.11366318656377666,17
BEX2,9.113866,3.748463,7.949777580699403e-20,1.775633984584137e-17,0.6666666666666666,0.7847480708125284,17
FOXP1,9.069366,2.011483,1.1971085059853772e-19,2.6476049790709927e-17,0.36666666666666664,0.17666817975487972,17
AIF1,10.347191,9.510671,4.309462666147051e-25,7.53880521848496e-21,0.0,0.0008108838634111181,18
TYROBP,10.267371,7.880815,9.886157149430132e-25,7.53880521848496e-21,0.0,0.00045049103522839894,18
LYZ,10.266022,5.9869676,1.0025451330047823e-24,7.53880521848496e-21,0.0,0.0005405892422740788,18
HLA-DPB1,10.130739,6.1707687,4.0358725676314005e-24,2.274239597613407e-20,0.027777777777777776,0.0020722587620506353,18
HLA-DQA1,10.108979,7.0994973,5.040648073082599e-24,2.274239597613407e-20,0.0,0.00036039282818271914,18
HLA-DRA,10.044065,5.1702604,9.756852935634055e-24,3.66841408958281e-20,0.3333333333333333,0.4614830164879719,18
FCER1G,9.941655,7.645377,2.742308603152451e-23,8.837677111216592e-20,0.0,0.0249572033516533,18
HLA-DPA1,9.81367,5.802344,9.832612184952951e-23,2.77267372850442e-19,0.027777777777777776,0.05991530768537706,18
CD74,9.717726,3.9162843,2.533767079604429e-22,6.351027949866256e-19,0.0,0.005946481665014866,18
HLA-DRB1,9.6150055,4.3262043,6.910598113988389e-22,1.5589618285346406e-18,0.6111111111111112,0.723398504369763,18
LST1,9.443085,8.360323,3.61962204214882e-21,7.423186695348657e-18,0.027777777777777776,0.057482656095143705,18
VIM,9.347401,5.486423,8.982801958016423e-21,1.688691911424104e-17,0.0,0.0009009820704567979,18
COTL1,9.18083,3.756108,4.2778231341958565e-20,7.423339391101872e-17,0.0,0.00810883863411118,18
SPI1,9.172391,8.847867,4.626422038536703e-20,7.45481819766782e-17,0.0,0.003513830074781512,18
LGALS1,9.13448,4.9343204,6.572145070629052e-20,9.884068043221387e-17,0.0,0.0011712766915938373,18
CTSB,9.103867,3.5688083,8.717157936953145e-20,1.2290647868732875e-16,0.0,0.0005405892422740788,18
NINJ1,9.046845,5.177658,1.4715753620937592e-19,1.9162286768904504e-16,0.0,0.015857284440039643,18
CXCL8,9.0426655,6.5085697,1.5289736328750435e-19,1.9162286768904504e-16,0.19444444444444445,0.03991350572123615,18
SRGN,9.020283,5.257901,1.8760439864664362e-19,2.227456646878754e-16,0.027777777777777776,0.00018019641409135957,18
RNF130,8.99977,4.974178,2.261915587179799e-19,2.551327686559454e-16,0.0,0.001711865933867916,18
GPX1,8.940723,2.5272262,3.8663112393222515e-19,3.9645506930850306e-16,0.19444444444444445,0.1645193260654113,18
GPR183,8.896478,6.321453,5.76471300174124e-19,5.611994793201051e-16,0.05555555555555555,0.007658347598882782,18
NPC2,8.798716,2.8493817,1.3839037830448929e-18,1.1562772385818423e-15,0.0,0.00864942787638526,18
HLA-DQB1,8.750394,5.266704,2.1260996395614973e-18,1.6538855782368215e-15,0.0,0.0002702946211370394,18
HLA-DMA,8.7295685,4.904524,2.556451128179995e-18,1.9223660333537503e-15,0.2222222222222222,0.02594828362915578,18
MS4A7,8.626952,9.994074,6.3008702344488056e-18,4.585204245771955e-15,0.5555555555555556,0.2603838183620146,18
ANXA5,8.623005,4.066211,6.521960215260959e-18,4.597778140502249e-15,0.75,0.33678709793675105,18
LITAF,8.561206,3.1389422,1.1169269301663483e-17,7.199072747892186e-15,0.08333333333333333,0.06414992341652401,18
SERPINB9,8.549158,5.661369,1.2398960268811685e-17,7.769670686225634e-15,0.16666666666666666,0.009910802775024777,18
PSAP,8.347818,2.617801,6.953517786254327e-17,4.1280107300029306e-14,0.0,0.0002702946211370394,18
PTGS2,8.323489,8.991647,8.541140511718077e-17,4.940502277021746e-14,0.0,0.06838453914767097,18
S100A4,8.177015,4.525184,2.909611644608704e-16,1.6009250997738478e-13,0.0,0.05667177223173259,18
RGS10,8.168576,4.534156,3.120498651138928e-16,1.676079263596264e-13,0.027777777777777776,0.0249572033516533,18
CD83,8.155724,5.3171573,3.4709642124407414e-16,1.8209646899639694e-13,0.0,0.003964321110009911,18
NAMPT,8.144195,3.305782,3.818153501141077e-16,1.9575846552782172e-13,0.027777777777777776,0.03225515812235336,18
LIMS1,8.086706,4.260775,6.130000833665889e-16,3.0730375290370844e-13,0.08333333333333333,0.01315433822866925,18
TIMP1,8.065258,4.0238414,7.308126347414745e-16,3.5840004841593307e-13,0.3055555555555556,0.44247229480133343,18
LCP1,8.04677,5.166886,8.500739534826999e-16,4.0801741099183465e-13,0.08333333333333333,0.027750247770069375,18
HLA-DMB,8.040565,5.7420497,8.942545012096561e-16,4.202809852664298e-13,0.027777777777777776,0.18866564555365348,18
FTL,8.025531,1.1017021,1.0108822487425744e-15,4.653978091710966e-13,0.0,0.0002702946211370394,18
LAPTM5,8.018001,4.4956117,1.0748055310261958e-15,4.84930759488399e-13,0.1111111111111111,0.16433912965131994,18
ATP6V1F,7.9152794,3.150574,2.4669861206083922e-15,1.0702449979770138e-12,0.0,0.00459500855932967,18
ITGB2,7.8568563,6.4788485,3.938948850713036e-15,1.6455323541339885e-12,0.05555555555555555,0.084692314622939,18
ARPC1B,7.808404,2.432276,5.791677263373834e-15,2.292183287446497e-12,0.19444444444444445,0.08343093972429949,18
IGSF6,7.7779717,12.303997,7.369648619956516e-15,2.866412124441363e-12,0.08333333333333333,0.21830795567168212,18
CYBB,7.698646,7.627904,1.37515462084914e-14,5.085592310120614e-12,0.0,0.24722948013334534,18
TYMP,7.6360426,3.099025,2.240006226416192e-14,8.021000073289345e-12,0.0,0.00045049103522839894,18
CD53,7.6008844,4.815553,2.9411331708285584e-14,1.0207542030880222e-11,0.08333333333333333,0.11316334804937382,18
S100A11,7.5879536,1.7655181,3.249972697434558e-14,1.0879657868345154e-11,0.5,0.7843949905396883,18
BCL2A1,7.5857725,6.477195,3.305120136671759e-14,1.0879657868345154e-11,0.1388888888888889,0.17884494098567438,18
TPSAB1,10.082767,12.092132,6.584569112845173e-24,7.483837609854316e-20,0.0,0.0008107377713719485,19
TPSB2,10.082018,11.854281,6.634901910416522e-24,7.483837609854316e-20,0.029411764705882353,0.00036032789838753263,19
VIM,9.965695,6.3035793,2.1536064720937798e-23,1.6194402801321192e-19,0.0,0.000540491847581299,19
TYROBP,9.856373,7.4747553,6.433144330310883e-23,3.62813257368708e-19,0.029411764705882353,0.0020718854157283128,19
CPA3,9.786884,14.070805,1.2818555226456664e-22,5.391808366756199e-19,0.0,0.00036032789838753263,19
S100A4,9.77553,5.8813286,1.4340551531777649e-22,5.391808366756199e-19,0.17647058823529413,0.4619403657328169,19
ANXA1,9.725677,5.683052,2.343414028542531e-22,7.552153867127281e-19,0.0,0.024952706963336638,19
HPGDS,9.482346,11.681357,2.4863086461549633e-21,7.011079593576227e-18,0.0,0.05999459508152419,19
SRGN,9.440828,5.641587,3.698440861184815e-21,8.56094908522832e-18,0.0,0.005945410323394289,19
ALOX5AP,9.43813,6.047701,3.794915149265624e-21,8.56094908522832e-18,0.29411764705882354,0.7243491577335375,19
CD44,9.267653,4.576757,1.9028581868479618e-20,3.902416167009379e-17,0.0,0.05756238176740834,19
LMNA,8.997927,1.8431292,2.300211601558762e-19,4.3242061266303425e-16,0.029411764705882353,0.0008107377713719485,19
RGS1,8.914572,5.6571417,4.897058555177276e-19,8.138168968423935e-16,0.0,0.008107377713719485,19
LAPTM5,8.911152,5.3069615,5.050506031204179e-19,8.138168968423935e-16,0.0,0.0035131970092784435,19
GATA2,8.891916,11.372957,6.00639802006934e-19,8.98026662648683e-16,0.0,0.0011710656697594812,19
LTC4S,8.885398,9.527884,6.369265748649732e-19,8.98026662648683e-16,0.0,0.000540491847581299,19
LGALS1,8.867604,4.944767,7.473628061471099e-19,9.917504437572148e-16,0.0,0.015854427529051435,19
GLUL,8.847407,3.5438952,8.957627811385222e-19,1.122639587761329e-15,0.0,0.040536888568597426,19
TUBA1A,8.768193,5.60705,1.8155602055885323e-18,2.1185077662580223e-15,0.0,0.0002702459237906495,19
FCER1G,8.764373,7.387957,1.8781929750946606e-18,2.1185077662580223e-15,0.0,0.00171155751734078,19
CLU,8.704101,5.737664,3.20101975164854e-18,3.2823547535199732e-15,0.029411764705882353,0.16503017746148996,19
CAPG,8.684865,3.217369,3.791915526858027e-18,3.564242598766259e-15,0.0,0.007837131789928835,19
MS4A2,8.599266,13.008607,8.022726080423506e-18,6.703136209195329e-15,0.0,0.008647869561300784,19
ITM2B,8.57247,2.2394447,1.0128874172823375e-17,8.16061687374009e-15,0.0,0.0002702459237906495,19
SAMSN1,8.546262,5.3039308,1.2713991922558369e-17,9.890170475206698e-15,0.029411764705882353,0.026574182506080533,19
RAC2,8.379338,5.0265346,5.322611613817791e-17,3.6617656554590514e-14,0.3235294117647059,0.2611476443563643,19
NFKBIA,8.378591,2.0147963,5.356543580395793e-17,3.6617656554590514e-14,0.3235294117647059,0.3381677326366994,19
FXYD5,8.357805,5.0846734,6.389598429065993e-17,4.2394985576852866e-14,0.0,0.06440861183677146,19
LAPTM4A,8.327589,3.1745393,8.250547622579789e-17,5.317831537650785e-14,0.3235294117647059,0.009458607332672732,19
SLC18A2,8.298549,11.381253,1.0539126541978013e-16,6.6042265461245e-14,0.0,0.0002702459237906495,19
BST2,8.237475,5.6053867,1.758831471666418e-16,1.0441441886663873e-13,0.0,0.06837221871903432,19
HSP90AB1,8.012363,1.3037758,1.125244112762536e-15,6.043900461859536e-13,0.029411764705882353,0.05657148004684263,19
KRT1,8.005231,13.015991,1.1924303251124309e-15,6.255822256793332e-13,0.0,0.02504278893793352,19
RP11-354E11.2,7.7110047,31.942749,1.2483125369445609e-14,5.9916345789217766e-12,0.0,0.003963606882262859,19
PTGS1,7.6908603,9.305325,1.4614876774070284e-14,6.868687607213573e-12,0.2647058823529412,0.03152869110890911,19
CD37,7.669541,4.639923,1.726130743869527e-14,7.946894581827073e-12,0.3235294117647059,0.012431312494369877,19
SDCBP,7.54881,2.5064235,4.392526124994095e-14,1.981819937074836e-11,0.17647058823529413,0.44284298711827763,19
TIMP1,7.540074,3.9480903,4.69705070066454e-14,2.0776620932606147e-11,0.0,0.028015494099630663,19
SUMO2,7.488912,2.2513871,6.944671396392791e-14,2.9012007783560184e-11,0.029411764705882353,0.18863165480587335,19
CD52,7.4568796,4.534804,8.859563729394645e-14,3.595115438885661e-11,0.0,0.0002702459237906495,19
FTL,7.455918,0.8745291,8.924441002597499e-14,3.595115438885661e-11,0.058823529411764705,0.16448968561390867,19
EEF1A1,7.447262,0.6904932,9.529748008000006e-14,3.771606759867932e-11,0.0,0.004594180704441042,19
ARHGDIB,7.3013377,4.3870997,2.849209979260095e-13,1.0536939003627619e-10,0.0,0.08485722007026394,19
CD9,7.2669806,1.6396704,3.6761205142453977e-13,1.3375742367880957e-10,0.029411764705882353,0.0839564003242951,19
DNAJA1,7.2522063,1.7982234,4.100365769997856e-13,1.4682563715139942e-10,0.08823529411764706,0.2182686244482479,19
BCL2A1,7.248974,6.5680103,4.1994149879964803e-13,1.4802281674095719e-10,0.029411764705882353,0.24709485631925052,19
CKLF,7.2383404,3.6142638,4.542076010953583e-13,1.5656975521547388e-10,0.0,0.0004504098729844158,19
ATP6V1F,7.147265,2.9499352,8.852394500280174e-13,2.9806144407734396e-10,0.0,0.1134132060174759,19
IL1RL1,7.1158733,12.460527,1.112064090129748e-12,3.689272619005439e-10,0.38235294117647056,0.7847040807134492,19
DDX5,7.09434,1.4333837,1.2997023001628828e-12,4.249273070923837e-10,0.11764705882352941,0.17890280154940996,19
